nomBeneficiaire,type
ADN MP DIGITAL PLACE ASSOC,Autres organisations fonctionnant par adhésion volontaire
MFPF MOUVEMENT FRANCAIS PLANNING FAMILIAL HAUTE-GARONNE ASSOC,Action sociale sans hébergement n.c.a.
GIP DOC 31 DEPISTAGE ORGANISE DES CANCERS EN HAUTE-GARONNE,Adm. pub. tutelle santé form. cult. & social (aut que sécu. soc.)
MOUVEMENT DES ENTREPRENEURS SOCIAUX ASSOC,Autres organisations fonctionnant par adhésion volontaire
MAISON EMPLOI DE TOULOUSE ASSOC,Autres organisations fonctionnant par adhésion volontaire
MIX ARTS MYRYS ASSOC,Autres organisations fonctionnant par adhésion volontaire
ICF ATLANTIQUE HLM SA,Location de logements
INCUBATEUR REGIONAL NUBBO,Conseil pour les affaires et autres conseils de gestion
GRISELIDIS ASSOC,Autres organisations fonctionnant par adhésion volontaire
K DANSE,Arts du spectacle vivant
MISSION LOCALE TOULOUSE,Administration publique (tutelle) des activités économiques
PATRIMOINE LANGUEDOCIENNE HLM SA,Promotion immobilière de logements
OBSERVER IMMOBILIER TOULOUSAIN,Autres organisations fonctionnant par adhésion volontaire
SNI SUD OUEST AGENCE TOULOUSE SA,Location de logements
PREVENTION ROUTIERE ASSOC,Autres organisations fonctionnant par adhésion volontaire
SNCF RESEAU,Services auxiliaires des transports terrestres
SAS BIOVA,"Analyses, essais et inspections techniques"
ORANGE SA,Télécommunications filaires
OCTOPUS,Activités de soutien au spectacle vivant
SYNDICAT COPRO LES JONQUILLES,Activités combinées de soutien lié aux bâtiments
SDS LES CASTALIDES JUDICIAIRE,NA
CENT POUR CENT PUR SPORT ASSOC,Autres organisations fonctionnant par adhésion volontaire
DES CHALETS HLM SA,Location de logements
BGE SUD OUEST ASSOC,Formation continue d'adultes
COORACE OCCITANIE,Autres organisations fonctionnant par adhésion volontaire
DELL ARTE ASSOC,Arts du spectacle vivant
BOIS ET COMPAGNIE,Autres organisations fonctionnant par adhésion volontaire
DICVIE ASSOC,Autres organisations fonctionnant par adhésion volontaire
ADOMA SA,Location de logements
API SARL,Fabrication de portes et fenêtres en métal
CCI TERRASSA,NA
UNION REGIONALE CFTC MIDI PYRENEES,Activités des syndicats de salariés
SYNDICAT FORCE OUVRIERE TM,Activités des syndicats de salariés
ACADEMIE AIR ET ESPACE ASSOC,Autres organisations fonctionnant par adhésion volontaire
CENTRE INFORMATION SUR DROITS FEMMES ET FAMILLES HAUTE GARONNE,Autres organisations fonctionnant par adhésion volontaire
ADIE DROIT A L INITIATIVE ECONOMIQUE ASSOC,Action sociale sans hébergement n.c.a.
CCIT CHAMBRE COMMERCE INDUSTRIE DE TOULOUSE,Activités des organisations patronales et consulaires
CLASSISCO POUR LA MUSIQUE A L ECOLE ASSOC,Arts du spectacle vivant
CARREFOURS POUR L EMPLOI,Action sociale sans hébergement n.c.a.
CENTRE FORMATION DEPARTEMENTAL,Administration publique générale
COMPAGNIE DES MOBILITES SARL,Programmation informatique
COMMUNE DE TOURNEFEUILLE,Administration publique générale
COMMUNE DE TOULOUSE,Administration publique générale
ANDORRA DESENVOLUPAMENT I INVERSIO,NA
REGIONALE DES CHANTIERS IMPORTANTS DE MIDI PYRENEES ASSOC,Activités des organisations professionnelles
RFTM RECETTE DES FINANCES TOULOUSE MUNICIPALE,Administration publique générale
SUAPS SERVICE UNIV ACTIVITES PHYSIQUES SPORTIVES,Enseignement de disciplines sportives et d'activités de loisirs
POINT RENCONTRE CHOMEURS ET PRECAIRE ASSOC,Autres organisations fonctionnant par adhésion volontaire
SEE ELECTRICIEN ELECTRONICIEN ASSOC,Activités des organisations professionnelles
OFFICE DU TOURISME DE TOULOUSE,Activités des agences de voyage
ONCOPOLE DE TOULOUSE ASSOC,Autres organisations fonctionnant par adhésion volontaire
SOLAGRO ASSOC,Activités de soutien aux cultures
SYNDICAT INTERCO CFDT MAIRIE TOULOUSE METROPOLE,Activités des syndicats de salariés
ORGANISATION BUS CYCLISTES,Autres organisations fonctionnant par adhésion volontaire
GNSS USAGE INNOVATION AND DEVELOPPEMENTOF EXCELLENCE ASSOC,"Analyses, essais et inspections techniques"
GRAPHITI CIRDD MIDI PYRENEES ASSOC,Action sociale sans hébergement n.c.a.
MIDI PYRENEES ACTIVE ASSOC,Conseil pour les affaires et autres conseils de gestion
LA MAISON DU VELO ASSOC,Autres organisations fonctionnant par adhésion volontaire
LIGUE DE L ENSEIGNEMENT 31,Autres organisations fonctionnant par adhésion volontaire
MIDI PYRENEES EXPANSION,Administration publique (tutelle) des activités économiques
COOP ACTION SARL,Travaux de maçonnerie générale et gros oeuvre de bâtiment
LES VIDEOPHAGES,Projection de films cinématographiques
ISSAT ASSOC,NA
FACE,Restauration de type rapide
TERRITOIRES LOGEMENT ET ANALYSES SOCIALES ASSOC,"Ingénierie, études techniques"
UNIVERSITE FEDERALE DE TOULOUSE MIDI-PYRENEES,Enseignement supérieur
CNRS CTRE NAT DE LA RECHERCHE SCIENTIFIQUE,Recherche-développement en autres sciences physiques et naturelles
ECOLE DES DROITS DE L HOMME ASSOC,Autres enseignements
ECOLE DES PARENTS ET EDUCATEURS,Formation continue d'adultes
FESTIVAL LIVRE JEUNESSE OCCITANIE,Autres organisations fonctionnant par adhésion volontaire
COMMUNE DE ST ORENS DE GAMEVILLE,Administration publique générale
COMPAGNIE LA BARAQUE,Arts du spectacle vivant
COMMUNE DE COLOMIERS,Administration publique générale
ERABLES 31,Autres organisations fonctionnant par adhésion volontaire
CONTACT HG,Autres organisations fonctionnant par adhésion volontaire
UREI UNION REG ENTREP INSERTION MIDI PYRENEES ASSOC,Activités des organisations professionnelles
SOCIETE DE LA MOBILITE DE L AGGLOMERATION SA,"Ingénierie, études techniques"
TOULOUSE METROPOLE EMPLOI ASSOC,Autres organisations fonctionnant par adhésion volontaire
UNIVERSITE TOULOUSE 1 CAPITOLE,Enseignement supérieur
SEM MINT MARCHE GARE TOULOUSE,Administration d'immeubles et autres biens immobiliers
TOULOUSE METROPOLE HABITAT,Location de logements
UNIS CITE,Autre accueil ou accompagnement sans hébergement d'enfants et d'adolescents
SYNDICAT COPRO LES PERVENCHES,Activités combinées de soutien lié aux bâtiments
SAVIM SERVICE AIDE AUX VICTIMES D INFORMATION DE MEDIATION ASSOC,NA
SA D HABITATIONS A LOYER MODERE ALTEAL SA,Location de logements
MISSION LOCALE ASSOCIATION SIEGE ASSOC,Administration publique (tutelle) des activités économiques
RECH INNOV THERAPEUTIC CANCERO FONDATION,Autres organisations fonctionnant par adhésion volontaire
RESEAU ENTREPRENDRE OCCITANIE GARONNE,Activités des organisations patronales et consulaires
SEMECCEL CITE DE L ESPACE,Activités des parcs d'attractions et parcs à thèmes
MOUVEMENT ASSOCIATIF OCCITANIE,Autres activités récréatives et de loisirs
POLE EMPLOI MIDI PYRENEES,Administration publique (tutelle) des activités économiques
SEMIDIAS,Conseil pour les affaires et autres conseils de gestion
ONERA,Recherche-développement : autres sciences physiques et naturelles
AUAT AGENCE  URBANISME AGGLOMERATION TOULOUSAINE ASSOC,Activités d'architecture
CENTRE RECHERCHE ET MEDIATION CERME ASSOC,Autres organisations fonctionnant par adhésion volontaire
BIOMEDICAL ALLIANCE ASSOC,Autres organisations fonctionnant par adhésion volontaire
CLUB GALAXIE ASSOC,Autres organisations fonctionnant par adhésion volontaire
CCI ZARAGOZA,NA
ASPJ ASS SOUTIEN PREVENTION JUDICIAIRE ASSOC,Action sociale sans hébergement n.c.a.
CLUB DES CONSEILS SYNDICAUX DE LA HAUTE GARONNE,Autres organisations fonctionnant par adhésion volontaire
CNES CENTRE NATIONAL D ETUDES SPATIALES,Recherche-développement en autres sciences physiques et naturelles
CHAMBRE DEPT  AGRICULTURE HAUTE-GARONNE,Activités des organisations patronales et consulaires
AVENIR NOUVELLE MAISON DES CHOMEURS,Autres organisations fonctionnant par adhésion volontaire
CICF MIDI PYRENEES,Activités des organisations professionnelles
APUMP ASSOC,Autres organisations fonctionnant par adhésion volontaire
ARPADE,Activités hospitalières
MAISON DES DROITS DES ENFANTS ET DES JEUNES,Action sociale sans hébergement n.c.a.
ORCHESTRE DE CHAMBRE DE TOULOUSE SCCP,Autre création artistique
LA MAISON DE L INITIATIVE SCOP,Formation continue d'adultes
REGIONALE FNARS MIDI PYRENEES ASSOC,Action sociale sans hébergement n.c.a.
PARTAGEONS LES JARDINS,Autres organisations fonctionnant par adhésion volontaire
LA  MELEE ASSOC,"Traitement de données, hébergement et activités connexes"
PROMOLOGIS SA,Location de logements
UNION REG SOCIETES COOPERATIVE DE PRODUCTION ASSOC,Autres activités de soutien aux entreprises n.c.a.
UCJG UNION CHRET JEUNES GENS ROBERT MONNIER ASSOC,Hébergement social pour adultes et familles en difficultés et autre hébergement social
SM POUR L AMENAGEMENT DE LA FORET BOUCONNE,Gestion d'installations sportives
SCIENCE ANIMATION,Activités de soutien au spectacle vivant
VIA BRACHY,Autres organisations fonctionnant par adhésion volontaire
SFHE,Location de logements
SYNDICAT UECT UNSA UNION EMPLOYE,Activités des syndicats de salariés
SYNDICAT SUD CUTM,Activités des syndicats de salariés
CRESS CHAMBRE REG ECONOMIE SOCIALE ET SOLIDAIRE ASSOC,Autres organisations fonctionnant par adhésion volontaire
INITIATIVES POUR UNE ECONOMIE SOLIDAIRE - IES - SCIC,Activités des sociétés holding
FRANCE NATURE ENVIRONNEMENT MIDI-PYRENEES,Autres organisations fonctionnant par adhésion volontaire
EUROPEENNE DU FILM D ANIMATION CARTOON,"Organisation de foires, salons professionnels et congrès"
LA CITE DES JARDINS HLM SA,Location de logements
ET QUI LIBRE MARIONNETTISSIMO,Arts du spectacle vivant
LA GRAINERIE ASSOC,Arts du spectacle vivant
LA GLANERIE ASSOC,Autres organisations fonctionnant par adhésion volontaire
COMMUNE DE FONBEAUZARD,Administration publique générale
IMO LLEIDA,Activités des marchands de biens immobiliers
ANAH AGENCE NATIONALE DE L HABITAT,Administration publique (tutelle) des activités économiques
3F OCCITANIE SA,Location de logements
ADEPES,Autres organisations fonctionnant par adhésion volontaire
FFPE FEDERATION DES FEMMES POUR L EUROPE,Autres organisations fonctionnant par adhésion volontaire
COMITE BASSIN  EMPLOI NORD HAUTE GARONNE,Autres organisations fonctionnant par adhésion volontaire
DES ETOILES ET DES AILES ASSOC,Autres organisations fonctionnant par adhésion volontaire
ECOLE REGIONALE 2EME CHANCE ASSOC,Formation continue d'adultes
COMPAGNIE NELSON DUMONT,Arts du spectacle vivant
COMPETENCES PLUS ASSOC,Autre mise à disposition de ressources humaines
EUROSUD TRANSPORT,Transports routiers de marchandises interurbains
CA SICOVAL,Administration publique générale 
DOMICIMM SARL,Agences immobilières
DO RE MI FA SPORTS,Débits de boissons
LES PETITS DEBROUILLARDS MIDI PY ASSOC,Autres activités récréatives et de loisirs
PREFIG CONFLUENCE GARONNE ARIEGE ASSOC,Autres organisations fonctionnant par adhésion volontaire
NOUVEAU LOGIS MERIDIONAL HLM SA,Location de logements
GRAINE MIDI PYRENEES ASSOC,Autres organisations fonctionnant par adhésion volontaire
MUTUELLE INTERIALE,Activités des agents et courtiers d'assurances
NUMERICABLE SAS,Télécommunications filaires
L USINE,Arts du spectacle vivant
ONCOMIP ASSOC,NA
JENI ASSOC,NA
OPPIDEA SEM,Construction d'autres ouvrages de génie civil n.c.a.
SYNDICAT NATIONAL DIRECTEURS GENERAUX COLLECT TERRITORIALES,Activités des syndicats de salariés
PROTECTION ENFANCE ET ADOLESCENCE ASSOC,Action sociale sans hébergement n.c.a.
THEATRE ET ORCHESTRE DU CAPITOLE,Gestion de salles de spectacles
UNIVERSITE TOULOUSE II JEAN JAURES,Enseignement supérieur
PROMOSALONS SALON SIANE,Commerce de détail de meubles
SEM SO TOULOUSE,Administration publique (tutelle) des activités économiques
SYNDICAT CGT ORGANISA CUTM,Activités des syndicats de salariés
SYNDICAT COPRO LES TOURNESOLS,Activités combinées de soutien lié aux bâtiments
AGENCE DE DEV ECONOMIQUE TOULOUSE METROPOLE - INVEST IN TLSE ASSOC,Autres organisations fonctionnant par adhésion volontaire
ACCUEIL ET FAMILLE PLACEMENT FAMILIAL ASSOC,Hébergement social pour enfants en difficultés
AGIT GROUPE INTERVENTIONS THEATRALES ASSOC,Arts du spectacle vivant
AGRI SUD OUEST INNOVATION SA,Autres organisations fonctionnant par adhésion volontaire
CANCER BIO SANTE ASSOC,Autres organisations fonctionnant par adhésion volontaire
ATMO OCCITANIE,"Analyses, essais et inspections techniques"
AEROSPACE VALLEY,Autres organisations fonctionnant par adhésion volontaire
ACOUCITE ASSOC,NA
A CROQUER,Autres organisations fonctionnant par adhésion volontaire
ASS DEV EPREUV EDUCAT ECO-MOBILITE ASSOC,Autres organisations fonctionnant par adhésion volontaire
CLAP MIDI PYRENEES - CRLAPP,Autres organisations fonctionnant par adhésion volontaire
DEPART PROTECTION CIVILE DE LA HAUTE GARONNE  ASSOC,Action sociale sans hébergement n.c.a.
ETRE MOBILE C EST PERMIS,Autres organisations fonctionnant par adhésion volontaire
FACE GRAND TOULOUSE  ASSOC,Autres organisations fonctionnant par adhésion volontaire
GENERATIONS CANDIE ASSOC,NA
LA MENAGERIE ASSOC,Production de films pour le cinéma
PLANETE SCIENCES OCCITANIE,Autres organisations fonctionnant par adhésion volontair
SEM ALTIGONE,Activités des sièges sociaux
SNCF,Transport ferroviaire interurbain de voyageurs 
TISSEO COLLECTIVITES SMTC AGGLOMERATION TOULOUSAINE,Administration publique (tutelle) des activités économiques
TRAVAIL DIFFERENT ASSOC,Formation continue d'adultes
PRISM POUR LA RECHERCHE ET INFO SOCIALE ET MEDICALE ASSOC,Études de marché et sondages
REFLET 31,Action sociale sans hébergement n.c.a.
DEPARTEMENT DE LA HAUTE-GARONNE PRINCIPAL,Administration publique générale
ECOLE ARCHITECTURE DE TOULOUSE,Enseignement supérieur
ECOLE DE CIRQUE PEP S,Autres organisations fonctionnant par adhésion volontaire
CORPS ET ARTS,Arts du spectacle vivant
AVANTI POPOLO ASSOC,Autres organisations fonctionnant par adhésion volontaire
BE  BLIBOP ASSOC,Arts du spectacle vivant
OPH 31 OFFICE PUBLIC DE L HABITAT HAUTE GARONNE,Location de logements
INRA INSTITUT NATIONAL RECHERCHE AGRONOMIQUE,Recherche-développement en autres sciences physiques et naturelles
INSTITUT AERO FORMATIONS,Formation continue d'adultes
HOLEO DEVELOPPEMENT,Formation continue d'adultes 
IDEES INTERIM,Activités des agences de travail temporaire
AIMP ASS INGENIERIE MIDI PYRENEES ASSOC,Autres organisations fonctionnant par adhésion volontaire
AAAF GROUPE REGIONAL DE TLSE,Formation continue d'adultes
2 BOUTS ASSOC,NA
ACDENT GROUPE DE THEATRE EUROPEEN,NA
AMICALE DU NID ASSOC,Action sociale sans hébergement n.c.a.
ARCHIVES SOLUTIONS SARL,Services administratifs combinés de bureau
ARTILECT ASSOC,Autres organisations fonctionnant par adhésion volontaire
CIRQUE DE FEMMES EN TOUT GENRE ASSOC,Autres organisations fonctionnant par adhésion volontaire
FEDERATION FRANCAISE MOTARDS EN COLERE 31 ASSOC,Autres organisations fonctionnant par adhésion volontaire
IEP INSTITUT  ETUDES POLITIQUES 31,Enseignement supérieur
INSTITUT FORMATION SLOW FOOD,Autres organisations fonctionnant par adhésion volontaire
ISDAT INSTITUT SUP DES ARTS DE TOULOUSE,Enseignement supérieur
MIPY GREEN ASSOC,Autres organisations fonctionnant par adhésion volontaire
RESEAU SEMENCES PAYSANNES ASSOC,Autres organisations fonctionnant par adhésion volontaire
SOLIHA HAUTE GARONNE,Action sociale sans hébergement n.c.a.
UIMM MIDI-PYRENEES,Activités des organisations patronales et consulaires
AMENE MOI UN MOUTON ASSOC,Autres organisations fonctionnant par adhésion volontaire
BLEUE COMME UNE ORANGE ASSOC,Autres organisations fonctionnant par adhésion volontaire
CEPIERE FORMATION ASSOC,Autres organisations fonctionnant par adhésion volontaire
CITES DU SECOURS CATHOLIQUE EX ASSO CITE LA MADELAINE ASSOC,Accueil de jeunes enfants
COMMUNE DE BLAGNAC,Administration publique générale
CRP CENTRE REGIONAL DE PRODUCTIVITE ASSOC,Formation continue d'adultes
INSTITUT NATIONAL POLYTECHNIQUE DE TOULOUSE,Enseignement supérieur
PAROLE EXPRESSION,Formation continue d'adultes
UNION SOCIALE POUR L HABITAT MIDI PYRENEES ASSOC,Autres organisations fonctionnant par adhésion volontaire
VERUNI ASSOC,Autres organisations fonctionnant par adhésion volontaire
AMF 31 ASSOCIATION DES MAIRES DE LA HAUTE GARONNE ASSOC,Autres organisations fonctionnant par adhésion volontaire
ATOUT BOUT CHAMP ASSOC,Autres organisations fonctionnant par adhésion volontaire
CEA DE GRENOBLE DRT VALO CELISE,NA
EGALITERE,Formation continue d'adultes
HORIZONS CROISES,Arts du spectacle vivant
LES IMAGINATIONS FERTILES SCIC,Autres activités de soutien aux entreprises n.c.a.
MAISON  EUROPE ASSOC,Autres organisations fonctionnant par adhésion volontaire
NATURE MIDI PYRENEES ASSOC,Autres organisations fonctionnant par adhésion volontaire
PIXIENCE,"Activités spécialisées, scientifiques et techniques diverses"
POLE DE COMPETITIVITE EQUESTRE DE LA METROPOLE TOULOUSAINE ASSOC,NA
RESEAU COCAGNE ASSOC,Autres organisations fonctionnant par adhésion volontaire
SELEXEL,Recherche-développement en biotechnologie
SEQUENCE ASSOC,Autres organisations fonctionnant par adhésion volontaire
SYND MIXTE CONSERVATOIRE BOTANIQUE PYRENEEN,Gestion des jardins botaniques et zoologiques et des réserves naturelles
TERRITOIRES DE CIRQUE ASSOC,Autres organisations fonctionnant par adhésion volontaire
TOULOUSE LE MARATHON DU LIVRE ASSOC,"Organisation de foires, salons professionnels et congrès"
ARESO ASSOC,NA
BAJO EL MAR ASSOC,Arts du spectacle vivant
COMITE LOCAL LOGEMENT AUTONOME DES JEUNES,Action sociale sans hébergement n.c.a.
CROQUEURS DE CAROTTES ASSOC,Autres organisations fonctionnant par adhésion volontaire
DERBI,NA
ECOLE D INGENIEURS DE PURPAN ASSOC,Enseignement supérieur
FRIENDISES SAS,Pâtisserie
HERBES FRAICHES ET FOLLES EN VILLE ASSOC,Autres organisations fonctionnant par adhésion volontaire
LES ECO LIES ASSOC,Autres organisations fonctionnant par adhésion volontaire
POPATEX ASSOC,Arts du spectacle vivant
ROULE MA FRITE 31 ASSOC,Entretien et réparation de véhicules automobiles légers
SPECTAMBUL ASSOC,Autres organisations fonctionnant par adhésion volontaire
SYNDICAT APICULTEURS MIDI PYRENEES,Activités des organisations professionnelles
AIRBUS GROUP SAS,Activités des sièges sociaux
ANDES ASS NAT DEVELOP EPICERIES SOLIDAIRES ASSOC,Autres organisations fonctionnant par adhésion volontaire
CRL CENTRE REGIONAL DES LETTRES ASSOC,Autres organisations fonctionnant par adhésion volontaire
CROUS CENTRE REGIONAL OEUVRES UNIVERSITAIRES SCOLAIRES,Action sociale sans hébergement n.c.a.
ECOLE NATIONALE VETERINAIRE,Enseignement supérieur
FONDATION JJ LAFFONT,Recherche-développement en sciences humaines et sociales
FRANCE NATURE ENVIRONNEMENT ASSOC,Autres organisations fonctionnant par adhésion volontaire
PETANIELLE ASSOC,NA
RECYCLO BAT,Collecte des déchets non dangereux
REFLETS,Autres organisations fonctionnant par adhésion volontaire
TERRE DE LIENS MIDI PYRENEES ASSOC,Autres organisations fonctionnant par adhésion volontaire
ACROSTICHES ET COMPAGNIE ASSOC,Arts du spectacle vivant
FORMATION LOCALE ET INTERNATIONALE A L ECONOMIE SOLIDAIRE,Formation continue d'adultes
ASF AUTOROUTES SUD DE LA FRANCE SA (VINCI AUTOROUTES),Services auxiliaires des transports terrestres
CTE DEP RANDONNEE PEDESTRE HAUTE GARONNE,Activités de clubs de sports
FUB,NA
TERRE EN VIE 65  ASSOC,NA
SOLIBRE ASSOC,Autres organisations fonctionnant par adhésion volontaire
ITINERAIRE INTERNATIONAL ASSOC,Autres organisations fonctionnant par adhésion volontaire
LIEBHERR AEROSPACE TOULOUSE,Construction aéronautique et spatiale
PAR HAZ ART ASSOC,Enseignement culturel
CENTRE D ETUDE TERRE D ACCUEIL DES BLES CETAB ASSOC,Autres organisations fonctionnant par adhésion volontaire
CANCEROPOLE GRAND SUD OUEST  GIP,Recherche-développement en autres sciences physiques et naturelles
CONFERENCE PERMANENTE DE L URBANISME ASSOC,Enseignement supérieur
DESBALS SERVICES REGIE DE QUARTIER,Action sociale sans hébergement n.c.a.
FRANCO HONGROISE MIDI PYRENEES,Autres organisations fonctionnant par adhésion volontaire
COMMUNE DE QUINT FONSEGRIVES,Administration publique générale
COMMUNE D AUCAMVILLE,Administration publique générale
MAISON DE L ARCHITECTURE OCCITANIE PYRENEES,Autres organisations fonctionnant par adhésion volontaire
HUMUS ET ASSOCIES H ET A,Autres organisations fonctionnant par adhésion volontaire
LE PAIN ART ASSOC,Boulangerie et boulangerie-pâtisserie
INSA TOULOUSE,Enseignement supérieur
INSERM,Recherche-développement : autres sciences physiques et naturelles
TOULOUSE METROPOLE ASSAINISSEMENT,Collecte et traitement des eaux usées
URBANIS SAS,Activités d'architecture
ARBRES ET PAYSAGES D AUTAN ASSOC,Autres organisations fonctionnant par adhésion volontaire
CERCLE D ETUDES POUR LE RAYONNEMENT DE LA CULTURE DE LA LANGUE ASSOC,Autres organisations fonctionnant par adhésion volontaire
CHAMBRE DES METIERS ET DE L ARTISANAT HAUTE GARONNE,Activités des organisations patronales et consulaires
CONVIVENCIA ASSOC,Arts du spectacle vivant
DEUX PIEDS DEUX ROUES  ASSOC,Autres organisations fonctionnant par adhésion volontaire
FLA-KULTUR,Autres organisations fonctionnant par adhésion volontaire
GEIQ PROPRETE TOULOUSE ASSOC,Autre mise à disposition de ressources humaines
GENOSKIN SAS,Recherche-développement en biotechnologie
METEO FRANCE DIRECTION DE LA PRODUCTION,Administration publique (tutelle) des activités économiques
TERR EAU CIEL ASSOC,Activités de clubs de sports
TOULOUSE EN TRANSITION ASSOC,Autres organisations fonctionnant par adhésion volontaire
TOULOUSE METROPOLE EAU POTABLE,"Captage, traitement et distribution d'eau"
UNION DEP CONSOMMATION LOGEMENT ET CADRE DE VIE CLCV31 ASSOC,Autres organisations fonctionnant par adhésion volontaire
MIGRATEURS GARONNE DORDOGNE ASSOC MIGADO,Autres organisations fonctionnant par adhésion volontaire
GPT LA GARONNE EUREA SCAM,NA
MOBILIB CITIZ TOULOUSE SCIC,Location de courte durée voitures & véhicules auto. légers
CAUSSAT ESPACES VERTS SAS,Services d'aménagement paysager
COMPAGNONS BATISSEURS,NA
ESN TOULOUSE ASSOC,Autres organisations fonctionnant par adhésion volontaire
GREENBURO SARL,Collecte des déchets non dangereux
ODRADEK ASSOC,Arts du spectacle vivant
LES CHEMINS BUISSONNIERS ASSOC,Arts du spectacle vivant
FULLSAVE SAS,Conseil en systèmes et logiciels informatiques
DEPARTEMENTALE FRANCAS HAUTE-GARONNE ASSOC,Autres organisations fonctionnant par adhésion volontaire
THEATRE GARONNE ASSOC,Gestion de salles de spectacles
SYNDICAT AUTONOME LE GOURDIN FA FPT,Activités des syndicats de salariés
TRESORERIE COLOMIERS LEGUEVIN,Administration publique générale
UROSPHERE SAS,Recherche-développement en biotechnologie
4 R CONCEPT SAS,Fabrication de bicyclettes et de véhicules pour invalides
3PA ASSOC,Autres enseignements
ADIL 31 ASSOC,Autres organisations fonctionnant par adhésion volontaire
ALTERN MOBIL SCIC,Transports routiers de fret de proximité
FIL ROUGE,Production de films institutionnels et publicitaires
REGION INTERPROFESSION PORCINE - MIDIPORC - ASSOC,Autres organisations fonctionnant par adhésion volontaire
REGION OCCITANIE,Administration publique générale
REG SAUVEGARDE ENFANT ADO ADUL ARSEAA,Autres organisations fonctionnant par adhésion volontaire
54 H CHRONO,Activités des organisations patronales et consulaires
CRIJ CENTRE REGIONAL INFORMATION JEUNESSE,Autres organisations fonctionnant par adhésion volontaire
FONCIERE D HABITAT ET HUMANISME SA,Location de logements
EASYTRI SARL,Collecte des déchets non dangereux
MOUVEMENT EUROPEEN HAUTE-GARONNE ASSOC,Activités des organisations politiques
COLLECTIF JEUNES DU MONDE,Autres organisations fonctionnant par adhésion volontaire
CIE MESSIEURS MESDAMES,Arts du spectacle vivant
PREFECTURE DE LA HAUTE GARONNE,Administration publique générale
TOULOUSE ANDROID USER GROUP,NA
AILES ANCIENNES TOULOUSE DOTATION ASSOC,Autres organisations fonctionnant par adhésion volontaire
COMMUNE DE FENOUILLET,Administration publique générale
LES AMIS DE LA POLOGNE ASSOC,Autres organisations fonctionnant par adhésion volontaire
NATIONALE LE REFUGE ASSOC,Autres organisations fonctionnant par adhésion volontaire
MJC PREVERT ASSOC,Autres organisations fonctionnant par adhésion volontaire
LE RELAIS,"Hébergement social pour adultes, familles en difficultés et autre"
SPORTIVE ET CULTURELLE DES ARENES ASSOC,Autres organisations fonctionnant par adhésion volontaire
SIGFOX SA,"Ingénierie, études techniques"
AGFCCBM ASSOC,Autres organisations fonctionnant par adhésion volontaire
ASSOC DIALOGUE METROPOLITAIN DE TOULOUSE,Autres organisations fonctionnant par adhésion volontaire
AUTOMOTECH-CLUSTER ASSOC,Autres organisations fonctionnant par adhésion volontaire
CAISSE EPARGNE ET PREVOYANCE MIDI PYRENEES,Autres intermédiations monétaires
COLLECTIF DES ASS DES PRADETTES,Autres activités récréatives et de loisirs
ENAC ECOLE AVIATION CIVILE,Enseignement supérieur
HABITANTS ET ASSOCIATIONS SOLIDAIRES ET UNIES POUR REUSSIR EMPALOT,Autres organisations fonctionnant par adhésion volontaire
MADEELI ASSOC,Conseil pour les affaires et autres conseils de gestion
NC NUMERICABLE SASU,Télécommunications filaires
ROTARY CLUB ASSOC,Action sociale sans hébergement n.c.a.
SOCIETA DANTE ALIGHIERI ASSOC,Autres enseignements
AMPM ARCHITECTES SARL,Activités d'architecture
ISAE INSTITUT SUP AERO ET DE L ESPACE,Enseignement supérieur
LYCEE DEODAT DE SEVERAC GRETA TOULOUSE,Formation continue d'adultes
SOUTIEN  ENSEIGNEMENT AUX ENFANTS MALADES ASEEM ASSOC,Autres organisations fonctionnant par adhésion volontaire
ROSALIE ECHANGE SOLDARITE ASSOC,Autres organisations fonctionnant par adhésion volontaire
ASSOCIATION DU CONSEIL  CITOYEN COLUMERIN,Autres organisations fonctionnant par adhésion volontaire
CONSEIL BAFAPATABOR ASSOC,Autres organisations fonctionnant par adhésion volontaire
CITES UNIES FRANCE ASSOC,Autres organisations fonctionnant par adhésion volontaire
NOUVELLE REGIE NORD SARL,Nettoyage courant des bâtiments
RA PARI,NA
AFCCC ASS FRANCAISE DES CENTRES DE CONSULTATION CONJUGALE ASSOC,Autres organisations fonctionnant par adhésion volontaire
ASSOCIATION CONSEIL CITOYEN VIVIER CITOYENS,Autres organisations fonctionnant par adhésion volontaire
CARREFOUR CULTUREL ARNAUD BERNARD ASSOC,Autres organisations fonctionnant par adhésion volontaire
AGENCE INGENIERIE SOCIALE,Formation continue d'adultes
CJD TOULOUSE ASSOC,Activités des organisations professionnelles
HOTEL ALBERT 1ER,Hôtels et hébergement similaire
DE PAYSSAT SCI,Location de terrains et d'autres biens immobiliers
CONSEIL CITOYEN REYNERIE MIRAIL ASSOC,Autres organisations fonctionnant par adhésion volontaire
MEDECINS DU MONDE,Action sociale sans hébergement n.c.a.
FEDERATION FRANCAISE D ATHLETISME ASSOC,Activités de clubs de sports
ECOLE NAT SUP ARCHITECTURE MARNE VALLEE,Enseignement supérieur
INSTEP MIDI PYRENEES ASSOC,Formation continue d'adultes
LES CYCLES HEUREUX ASSO,Action sociale sans hébergement n.c.a.
ITINERANCE ORALE ASSOC,Arts du spectacle vivant
OCCITANIE COOPERATION,Autres organisations fonctionnant par adhésion volontaire
LETSBRO ASSOC,Autres activités de soutien aux entreprises n.c.a.
CENTRE DRAMATIQUE NATIONAL TOULOUSE OCCITANIE,Arts du spectacle vivant
CONSEIL CITOYEN SOUPETARD LA GLOIRE ASSOC,Autres organisations fonctionnant par adhésion volontaire
TRESORERIE BLAGNAC,Administration publique générale
POUR PROMOTION CIRCUIT CANDIE ASSOC,Autres organisations fonctionnant par adhésion volontaire
CHAMBRE REGIONALE DE METIERS ET DE L ARTISANAT OCCITANIE,Activités des organisations patronales et consulaires
CCTE CONSEIL CITOYEN TOULOUSE EMPALOT,Autres organisations fonctionnant par adhésion volontaire
CHAMP D ACTIONS,Autres organisations fonctionnant par adhésion volontaire
JARDINIERS DE TOURNEFEUILLE ASSOC,Autres organisations fonctionnant par adhésion volontaire
PINKPONG ASSOC,Création artistique relevant des arts plastiques
SOLAFRIKA,Autres organisations fonctionnant par adhésion volontaire
TA ASSOC,Autres organisations fonctionnant par adhésion volontaire
CENTRE DE CRISE ET DE SOUTIEN,Affaires étrangères
ACADEMIE CHANCELLERIE TLS SACIM,Adm. pub. tutelle santé form. cult. & social (aut que sécu. soc.)
AQUIFLOR,Commerce de gros (commerce interentreprises) de fleurs et plantes
COMPAGNIE ANNE MA SOEUR ANNE,Arts du spectacle vivant
CREAR ESCUELA FAIRE ECOLE,Autres organisations fonctionnant par adhésion volontaire
CULTURES DU COEUR,Autres organisations fonctionnant par adhésion volontaire
CONSEIL CITOYEN DES BARRADELS,Autres organisations fonctionnant par adhésion volontaire
ELEMEN TERRE ASSOC,Autres organisations fonctionnant par adhésion volontaire
FEDERATION DES ENTREPRISES D INSERTION LANGUEDOC,Autres organisations fonctionnant par adhésion volontaire
FEDERATION NATIONALE DES ASSOCIATIONS D ACCUEIL - FNARS,Autres organisations fonctionnant par adhésion volontaire
PARTICIP ACTION,Recherche-développement en sciences humaines et sociales
RENCONT ROMS NOUS,Autres organisations fonctionnant par adhésion volontaire
UN ENFANT DES PARRAINS ASSOC,Action sociale sans hébergement n.c.a.
GROUPE RECHERCHE EDUCATION PROSPECTIVE,Autres organisations fonctionnant par adhésion volontaire
FONDATION PARTENARIALE I2ML,NA
JARDIN NATURE PIBRAC,Autres organisations fonctionnant par adhésion volontaire
EPIDE,NA
ASSOCIATION GENERALE DES PRODUCTEURS DE MAIS,Activités des organisations patronales et consulaires
DIRE,NA
SOLIDARITES INTERNATIONAL,Autres organisations fonctionnant par adhésion volontaire
TOULOUSE METROPOLE ONCOPOLE,Construction d'autres ouvrages de génie civil n.c.a.
VOYAGER EN IMAGES,Autres organisations fonctionnant par adhésion volontaire
WWF FRANCE,Autres organisations fonctionnant par adhésion volontaire
AGENCE DEVELOPPEMENT COMMUNAL VILLE ST LOUIS,NA
BOUGER POUR S EN SORTIR,Autres organisations fonctionnant par adhésion volontaire
APOIRC ASSOC,Arts du spectacle vivant
CANALART,Arts du spectacle vivant
CRF CROIX ROUGE FRANCAISE DELEGATION LOCALE TOULOUSE,Action sociale sans hébergement n.c.a.
COMMUNE DE ST JORY,Administration publique générale
CLUB ENTRE SECURITE ROUTIERE TLSE GARONN,Autres organisations fonctionnant par adhésion volontaire
COMITE JUMELAGE SAINT ALBAN,Autres organisations fonctionnant par adhésion volontaire
COMMUNE DE CASTELGINEST,Administration publique générale
COMMUNE DE GRATENTOUR,Administration publique générale
OCCITANIE PIONNIERES,Autres organisations fonctionnant par adhésion volontaire
PLUM SWORLD TOUR,Autres organisations fonctionnant par adhésion volontaire
REBONDS,Activités de clubs de sports
ENTREPRISE JEAN LATOUR SAS,Travaux de peinture et vitrerie
ECOLE CITOYENNE,Formation continue d'adultes
RESIDENCES SOCIALES DE FRANCE 3F,Location de terrains et d'autres biens immobiliers
FONDATION ETUDIANTE POUR LA VILLE,NA
EXTRA,"Ingénierie, études techniques"
HAMAP,Autres organisations fonctionnant par adhésion volontaire
