Code tiers bénéficiaire;Nom bénéficiaire;Montant versé;Type subvention
22998;SIVOM DE LA SAUDRUNE;4855.95;Investissement
6835;CRECHE CLAIR DE LUNE ASSOC;251020.0;Fonctionnement
19865;PLANETE SCIENCES MIDI PYRENEES ASSOC;43500.0;Fonctionnement
20836;UNION SPORTIVE POUVOURVILLE ASSOC;15000.0;Fonctionnement
44351;RECREACTIF EVENT ASSOC;6000.0;Fonctionnement
28154;VICTORIA REGIA ASSOC;34500.0;Fonctionnement
7016;COCKTAIL;1500.0;Fonctionnement
13946;INTERNOTES ASSOC;5500.0;Fonctionnement
45789;CLUB DES CHEVEUX D ARGENT DE SAUZELONG RANGUEIL;925.0;Fonctionnement
46987;CLUB 3IEME AGE DES SEPT DENIERS;510.0;Fonctionnement
16159;LE LOCAL ASSOC;4000.0;Fonctionnement
155;UNION ACADEMIES   STES SAVANTES ASSOC;7200.0;Fonctionnement
20226;PETIT BOIS COMPAGNIE ASSOC;14856.0;Fonctionnement
14436;TOULOUSE JUDO ASSOC;45000.0;Fonctionnement
10363;ETOILE SPORTIVE DE CASSELARDIT;5000.0;Fonctionnement
17250;LA COMPAGNIE DU PETIT MATIN ASSOC;7000.0;Fonctionnement
36948;ADEPAPE ENTRAIDE PUPILLES DE L ETAT ASSOC;3000.0;Fonctionnement
2053;CENTRE DES ARTS URBAINS ASSOC;6000.0;Fonctionnement
24477;COLLEGE STENDHAL;11502.0;Fonctionnement
48355;APES ASS PARENTS D ENFANTS SOURDS MIDI-PYRENEES ASSOC;1000.0;Fonctionnement
25190;THEATRE NATIONAL TOULOUSE MIDI-PYRENEES SAS;191249.0;Investissement
18959;NORD LOISIRS ASSOC;165162.2;Fonctionnement
570;AGIT GROUPE INTERVENTIONS THEATRALES ASSOC;46600.0;Fonctionnement
13672;INSTITUT D ETUDES OCCITANES SD 31 ASSOC;85000.0;Fonctionnement
6570;CONVIVENCIA ASSOC;25000.0;Fonctionnement
46370;UNIVERSITE TOULOUSE 2 TOULOUSE LE MIRAIL;37500.0;Fonctionnement
10834;FEPEB FOYER EDUC POPULAIRE ETIENNE BILLIERES;32000.0;Fonctionnement
15882;LES CURIOSITES ASSOC;15000.0;Fonctionnement
13889;ITINERAIRE INTERNATIONAL ASSOC;15000.0;Fonctionnement
3032;TOULOUSE BASKET CLUB ASSOC;150000.0;Fonctionnement
26564;VIVRE MIEUX ASSOC;3500.0;Fonctionnement
5323;CANALART ASSOC;5800.0;Fonctionnement
31838;LA MAISON DE L INITIATIVE SCOP;31800.0;Fonctionnement
46540;A TOUT PETIT PAS ASSOC;250407.0;Fonctionnement
23917;SOCRATE ASSOC;10000.0;Fonctionnement
44380;LA PETANQUE HERACLES ASSOC;700.0;Fonctionnement
23369;SEMECCEL CITE DE L ESPACE;4903574.64;Fonctionnement
3198;BEACH VOLLEY TOULOUSAIN ASSOC;800.0;Fonctionnement
43058;FRANCAISE D ANCIENS COMBATTANTS VOLONTAIRES GARIBALDIENS A;250.0;Fonctionnement
20072;LIBRE PENSEE DE TOULOUSE ASSOC;1500.0;Fonctionnement
17529;CHORALE MELODY;320.0;Fonctionnement
19362;CLUB 3EME AGE ORMEAU MONTAUDRAN;1000.0;Fonctionnement
46992;CLUB 3IEME AGE COLOMBETTE SAINT AUBIN;400.0;Fonctionnement
73172;VNF VOIES NAVIGABLES DE FRANCE;14457.41;Fonctionnement
52359;INCITU ASSOC;3000.0;Fonctionnement
21938;COLLEGE RAYMOND BADIOU;14586.0;Fonctionnement
11869;GARE AUX ARTISTES ASSOC;15000.0;Fonctionnement
22684;LES ARTS ST CYPRIEN ASSOC;1500.0;Fonctionnement
5213;CALL FORTH ASSOC;7500.0;Fonctionnement
20067;SKI CLUB DE LA PENICHE ASSOC;850.0;Fonctionnement
14470;JUMEAUX ET PLUS 31 ASSOC;500.0;Fonctionnement
12733;LYCEE DEODAT DE SEVERAC GRETA TOULOUSE;5000.0;Fonctionnement
68566;LES AMIS DE NOTRE DAME DES ANGES ASSOC;14569.33;Fonctionnement
25874;UFCV ASSOC;4000.0;Fonctionnement
65567;RUE PIETONNE ASSOC;2000.0;Fonctionnement
24119;LE CLAN DES SONGES ASSOC;4000.0;Fonctionnement
65489;MANUFACTURE GISCARD ASSOC;1500.0;Fonctionnement
25869;UFAC UNION FRANCAISE DES COMBATTANTS ASSOC;745.0;Fonctionnement
13522;HUMANLAYA ASSOC;6000.0;Fonctionnement
43988;COMITE ORGANISATION CARNAVAL UNIVERSITAIRE;100000.0;Fonctionnement
21264;LA QUADRATURE DU CERCLE CERCLE DES CULOTTES COURTES ASSOC;290794.5;Fonctionnement
20894;CRECHE PRELUDE ASSOC;114400.0;Fonctionnement
3339;BELL ARC EN CIEL ASSOC;9000.0;Fonctionnement
959;ALLIANCES ET CULTURES ASSOC;513517.14;Fonctionnement
16332;LOU PITCHOUN ASSOC;67590.0;Fonctionnement
17534;TOUS LES MEMES ASSOC;8000.0;Fonctionnement
14270;JEUNESSE ACTION LOISIRS ASSOC;84369.0;Fonctionnement
19818;LA PART MANQUANTE ASSOC;2500.0;Fonctionnement
13107;COMITE REGIONAL MIDI PYRENEES HANDISPORT;5000.0;Fonctionnement
25398;TOAC TUC VOLLEY BALL ASSOC;780000.0;Fonctionnement
34965;LE RELAIS HEBERGEMENT ASSOC;6500.0;Fonctionnement
46206;EUROPEAN AEROSTUDENT GAMES EAG;1000.0;Fonctionnement
25641;TRAJECTOIRE ASSOC;13000.0;Fonctionnement
14173;CRECHE JARDIN D ENFANTS TOULOUSAINS;289116.0;Fonctionnement
54514;FONDATION D AUTEUIL FA LAEP D EMPALOT;25646.63;Fonctionnement
7611;COLLECTIF AEPS COURREGE ASSOC;199806.46;Fonctionnement
10030;ENSEMBLE VOCAL A BOUT DE SOUFFLE;5000.0;Fonctionnement
11;AACT SECTION MUSIQUE ASSOC;1000.0;Fonctionnement
46115;CLUB DE L AMITIE DE TOULOUSE;630.0;Fonctionnement
65222;AFRICLAP ASSOC;1000.0;Fonctionnement
24065;SOLIDARITE BOUCHONS 31 ASSOC;2000.0;Fonctionnement
54327;NATIONALE DE DEFENSE CONTRE L ARTHRITE RHUMATOIDE ASSOC;500.0;Fonctionnement
67638;TIDE COMPANY ASSOC;4000.0;Fonctionnement
71706;START LINE;6000.0;Investissement
6962;CMAV;33000.0;Fonctionnement
5985;CHAMBRE COMMERCE INDUSTRIE DE TOULOUSE;47821.0;Fonctionnement
2854;BANQUE ALIMENTAIRE TOULOUSE ET SA REGION ASSOC;34500.0;Fonctionnement
13531;CLUB DE LOISIRS BONNE HUMEUR 3EME AGE;530.0;Fonctionnement
13300;COMITE DEFENSE QUARTIERS HERS;500.0;Fonctionnement
2951;LA BARQUE ASSOC;2350.0;Fonctionnement
55863;COMPAGNIE D ELLES ASSOC;1500.0;Fonctionnement
10246;ESPOIR GITE ECLUSE;10000.0;Fonctionnement
7399;COQUELICOT TOULOUSE GYM;40000.0;Fonctionnement
499;FESTIVAL INTERN CINEMA ET HISTOIRE ASSOC;70000.0;Fonctionnement
21628;REGARTS ASSOC;37000.0;Fonctionnement
8772;DESBALS SERVICES REGIE DE QUARTIER;17500.0;Fonctionnement
8921;DIAPASON;23000.0;Fonctionnement
45667;LA COMPAGNIE ASSOC;19180.0;Fonctionnement
25537;STADE TOULOUSAIN RUGBY HANDISPORT ASSOC;8500.0;Fonctionnement
26374;V IDEAUX ASSOC;3000.0;Fonctionnement
19893;PATRIMOINE LANGUEDOCIENNE HLM SA;44404.0;Fonctionnement
47007;A COTE ASSOC;10000.0;Fonctionnement
19260;ON OFF MANIFESTO ASSOC;25000.0;Fonctionnement
47296;EUROPEENNE DU FILM D ANIMATION CARTOON ASSOC;38416.0;Fonctionnement
4198;LOISIRS BONHOURE ASSOC;144709.01;Fonctionnement
13740;FRANCO IMAZIGHEN KABYLIE AFRIKA 31;7000.0;Fonctionnement
41648;CONFEDERATION SYNDICALE DES FAMILLES;57000.0;Fonctionnement
18129;MOND ECHANGE ASSOC;4000.0;Fonctionnement
18559;LES ATELIERS MUSICAUX ASSOC;56130.0;Fonctionnement
219;ACIHI CULTURE INSERT  HABITATS INDY ASSOC;1700.0;Fonctionnement
8449;LES PETITS DEGOURDIS ASSOC;256882.0;Fonctionnement
4673;BOXING TOULOUSE BAGATELLE ASSOC;25000.0;Fonctionnement
10662;PARTAGE FAOURETTE ASSOC;124100.0;Fonctionnement
14071;IZART SPORT ET CULTURE ASSOC;1200.0;Fonctionnement
18006;MJC PONT DES DEMOISELLES ASSOC;85400.0;Fonctionnement
31435;RM FIPH;16000.0;Fonctionnement
10362;ETOILE SPORTIVE ST SIMON;33000.0;Fonctionnement
10188;TUC SECTION ESCRIME TOULOUSE UNIVERSITE CLUB ASSOC;9000.0;Fonctionnement
21439;ACCUEIL LOISIRS RANDO ASSOC;500.0;Fonctionnement
43060;UNION NATIONALE DES COMBATTANTS GROUPE DEPARTEMENTAL ASSOC;745.0;Fonctionnement
1428;MEMBRES ORDRE NATIONAL MERITE ASSOC;200.0;Fonctionnement
12526;CLUB GO SEIGEN ASSOC;600.0;Fonctionnement
3347;COLLEGE BELLEFONTAINE;9534.0;Fonctionnement
25639;LE TRAIT BLEU ASSOC;6000.0;Fonctionnement
7368;CONTRE COURANT;5000.0;Fonctionnement
330;ADDICT ASSOC;4000.0;Fonctionnement
48271;OULUPO ASSOC;7000.0;Fonctionnement
13580;HYPOTHESE THEATRE ASSOC;2000.0;Fonctionnement
2517;AVENIR DISPHASIE MIDI PYRENEES ASSOC;500.0;Fonctionnement
13832;DEPARTEMENTALE INFIRMES MOTEURS;1500.0;Fonctionnement
24067;SOLISOL SOLEIL DE LA SOLITUDE ASSOC;1000.0;Fonctionnement
6836;CLAIRE MAISON OLYMPE DE GOUGES;1200.0;Fonctionnement
20593;POINT SCENE ASSOC;40000.0;Fonctionnement
443;AEGEE TOULOUSE ASSOC;300.0;Fonctionnement
6784;CISS MIDI PYRENEES ASSOC;500.0;Fonctionnement
69203;LES ATELIERS DU MONDE ASSOC;2100.0;Fonctionnement
1416;CLUB ANIMATION 3EME AGE ST SIMON;610.0;Fonctionnement
3728;BEST TOULOUSE ASSOC;800.0;Fonctionnement
54621;A CHACUN SES LOISIRS ASSOC;2000.0;Fonctionnement
24770;TOULOUSE ATHLETIC CLUB NATATION CZ MORVAN LAURENCE ASSOC;6000.0;Fonctionnement
24936;TA ASSOC;1000.0;Investissement
4981;AMICALE LAIQUE BUFFON ASSOC;240774.51;Fonctionnement
54705;LES VAGABONDS FRANCIS AZEMA ASSOC;7000.0;Fonctionnement
15146;CRECHE LALANDOUNETTE HALTE GARDERIE;52301.36;Fonctionnement
9558;DYNAMIQUES FEMMES;2000.0;Fonctionnement
11649;FUTSAL BELLEFONTAINE ASSOC;3000.0;Fonctionnement
20580;CAVE POESIE DE TOULOUSE ASSOC;92500.0;Fonctionnement
678;ESPACE AIKIDO ASSOC;5500.0;Fonctionnement
5363;CANOE KAYAK TOULOUSAIN ASSOC;8000.0;Fonctionnement
9862;ELEMEN TERRE ASSOC;10200.0;Fonctionnement
11822;GARAGE POUR TOUS ASSOC;27000.0;Fonctionnement
11872;LA GARGOUILLE ASSOC;15000.0;Fonctionnement
1286;LES ANACHRONIQUES ASSOC;14000.0;Fonctionnement
25923;UNION TIR CLUB ASSOC;500.0;Fonctionnement
7482;CORRIDA PEDESTRE DE TOULOUSE ASSOC;10000.0;Fonctionnement
15325;ANIMATION SOCIALE ET SOLIDAIRE DES QUARTIERS OUEST TOULOUSE ASSOC;342339.48;Fonctionnement
14446;UNION SPORTIVE TLSE JULES JULIEN XIII ASSOC;8000.0;Fonctionnement
11515;SPORT GLACE FRATERNITE ASSOC;3000.0;Fonctionnement
24403;STADE TOULOUSAIN ATHLETISME ASSOC;6500.0;Fonctionnement
66771;CLUB ACTIVITE SOCIALE ET CULTURE 3IEME AGE PAPUS;700.0;Fonctionnement
15719;ACADEMIE DE LEGISLATION ASSOC;3000.0;Fonctionnement
40916;ACADEMIE AIR ET ESPACE ASSOC;85000.0;Fonctionnement
11160;FNACA  ANCIENS  COMBATTANTS ALGERIE MAROC TUNISIE;2380.0;Fonctionnement
17601;MERCI ASSOC;70000.0;Fonctionnement
45795;LOISIRS ET SOLIDARITE DES RETRAITES DE LA HAUTE GARONNE ASSOC;1000.0;Fonctionnement
13354;SOCIETE HISTOIRE NATURELLE DE TOULOUSE UPS ASSOC;2000.0;Fonctionnement
704;AIR AVENTURES ASSOC;5000.0;Fonctionnement
46930;LES BRUISSONNANTES ASSOC;2000.0;Fonctionnement
1443;NAT POUR INTEGRATION HANDICAPES MOTEURS ASSOC;350.0;Fonctionnement
20927;NATIONAL DE PREVENTION EN ALCOOLOGIE ET ADDICTOLOGIE ASSOC;49000.0;Fonctionnement
295;ACT UP SUD OUEST ASSOC;11000.0;Fonctionnement
25395;TOULOUSE OLYMPIQUE AEROSPATIALE CLUB ATHLETISME ASSOC;19000.0;Fonctionnement
39725;RFTM RECETTE DES FINANCES TOULOUSE MUNICIPALE;8869286.0;Investissement
449;AERA ACTIONS ETUDES RECHERCHES AUTOUR DE L ARCHITECTURE ASSOC;27500.0;Fonctionnement
55734;CITYA IMMOBILIER TOULOUSE SARL;2000.0;Investissement
20534;PLAN 9 ASSOC;1500.0;Investissement
16200;LOHENGRIN ASSOC;2150.0;Investissement
1588;APSAR ANIMATION PREVENTION SOCIAL AMOUROUX ASSOC;318607.9;Fonctionnement
25905;UNAT MIDI PYRENEES ASSOC;28200.0;Fonctionnement
14628;KENIAN PROD ASSOCIATION;2500.0;Fonctionnement
9646;ECOLE ET NOUS;19000.0;Fonctionnement
3833;BOULES IZARDS CLUB ASSOC;1000.0;Fonctionnement
25408;LA TOILE BLANCHE ASSOC;24500.0;Fonctionnement
61308;DES THEATRES PRES DE CHEZ VOUS;8500.0;Fonctionnement
16110;LIRE ET FAIRE LIRE 31 ASSOC;15550.0;Fonctionnement
18198;ORCHESTRE BAROQUE DE MONTAUBAN ASSOC;5000.0;Fonctionnement
19288;HABITAT TOULOUSE OFFICE PUBLIC DE L HABITAT;2213261.87;Investissement
42776;TERRES NOMADES ASSSOC;14400.0;Fonctionnement
47156;AMICALE 3IEME AGE COTE PAVEE ASSOC;650.0;Fonctionnement
47879;CLUB 3IEME AGE JULES JULIEN RANGUEIL;700.0;Fonctionnement
8130;CLUB DAMIER TOULOUSAIN;1800.0;Fonctionnement
785;ALI ALAOUI ARTS ET DEVELOPPEMENT ASSOC;2000.0;Fonctionnement
63317;LES ARTS EN BALADE A TOULOUSE ASSOC;4000.0;Fonctionnement
19;AAT ADDICTIONS ACCUEIL THERAPEUTIQUE ASSOC;7000.0;Fonctionnement
10660;SPORTIVE DE LA FAOURETTE ASSOC;28000.0;Fonctionnement
3953;OUI BIZARRE ASSOC;14460.0;Fonctionnement
51026;LES BOBINES SAUVAGES ASSOC;2400.0;Fonctionnement
6122;CENTRE TECHNIQUE REGIONAL CONSOMMATION ASSOC;5000.0;Fonctionnement
14836;AYME KUNC ASSOC;3000.0;Fonctionnement
20712;THEATRE  PONT NEUF ASSOC;33000.0;Fonctionnement
3954;BIZ ART POPULAIRE ASSOC;25000.0;Fonctionnement
26563;VIVRE ENSEMBLE ASSOC;386660.93;Fonctionnement
16200;LOHENGRIN ASSOC;33000.0;Fonctionnement
24762;TABULA RASA ASSOC;25000.0;Fonctionnement
5328;CONFRERIE DU CANARD SAUVAGE THEATRE L ACTE;122000.0;Fonctionnement
1537;ASS POUR LA PROMOTION CULTURE ET ARTS;42390.0;Fonctionnement
19342;TOULOUSE LES ORGUES ASSOC;384000.0;Fonctionnement
12614;PRINTEMPS DU RIRE ASSOC;64000.0;Fonctionnement
19697;JUVENTUS DE PAPUS ASSOC;15000.0;Fonctionnement
10404;EUROCHORUS ASSOC;3000.0;Fonctionnement
845;ALCHIMIE DU JEU ASSOC;18000.0;Fonctionnement
46210;CLUB SAINT MICHEL;800.0;Fonctionnement
61555;P2BYM ASSOC;1500.0;Fonctionnement
7976;C15D ASSOC;5000.0;Fonctionnement
65219;XPEDIT ASSOC;2000.0;Fonctionnement
19092;RADIO OCCITANIA ASSOC;4000.0;Fonctionnement
17998;MIXARTS MYRYS ASSOC;45000.0;Fonctionnement
54470;COMITE DES FETES DE TOULOUSE SAINT SIMON;1400.0;Fonctionnement
68735;EN ATTENDANT LES ELEPHANTS;1200.0;Fonctionnement
65842;ETUDIANTS M2 ADMINISTRATION ET ACTIVITES CULTURELLES;1000.0;Fonctionnement
19477;LES OURS TOULOUSE FOOTBALL AMERICAIN ASSOC;20000.0;Fonctionnement
10235;CENTRE CULTUREL ESPERANTO ASSOC;550.0;Fonctionnement
2292;ATOLL LOISIRS FRANCE ASSOC;211613.26;Fonctionnement
4702;TOULOUSE B BOYING CLUB ASSOC;4500.0;Fonctionnement
26597;VOIR ET COMPRENDRE ASSOC;299871.0;Fonctionnement
24773;TACTIKOLLECTIF ASSOC;66000.0;Fonctionnement
19926;CRECHE PAUSE CALIN PROJET PETIT A PETIT ASSOC;199752.0;Fonctionnement
8850;DETOURS DE CHANT ASSOC;15000.0;Fonctionnement
21887;CENTRE DE RESSOURCES SUR LA NON VIOLENCE ASSOC;5000.0;Fonctionnement
49721;MAGUY MARIN CIE ASSOC;121000.0;Fonctionnement
34662;TOULOUSE IRON CLUB;40000.0;Fonctionnement
23365;SEMANTIC SLAM ASSOC;2000.0;Fonctionnement
2103;ASCM SPORTIVE ET CULTURELLE DE MONTAUDRAN ASSOC;59600.0;Fonctionnement
11188;FOLIES FORMATION LOCALE ET INTERNATIONALE A L ECO SOLIDAIRE ASSOC;85000.0;Fonctionnement
14447;LES AMIES DE LA MATERNELLE JULES JULIEN ASSOC;51894.01;Fonctionnement
14273;JEUNE ENTENTE TOULOUSAINE ASSOC;20000.0;Fonctionnement
18705;NATURE MIDI PYRENEES ASSOC;12000.0;Fonctionnement
6623;CHOEUR FRANCOSLAVE DE TOULOUSE;1500.0;Fonctionnement
1225;CLUB AMITIES LOISIRS AINES PONT DES DEMOISELLES;750.0;Fonctionnement
57290;CLUB SAINT REMESY;550.0;Fonctionnement
18607;MYCOLOGIQUE DE TOULOUSE ASSOC;2000.0;Fonctionnement
64968;LOH PROD ASSOC;1500.0;Fonctionnement
40541;L USINE ASSOC;19200.0;Fonctionnement
10371;ET QUI LIBRE MARIONNETTISSIMO;11000.0;Fonctionnement
26135;COLLEGE VAUQUELIN;5484.0;Fonctionnement
54589;DADADZO COMPAGNIE ASSOC;1500.0;Fonctionnement
63585;CARILLONS EN PAYS D OC ASSOC;1000.0;Fonctionnement
47349;ARTISTES DU MONDE ARABE ASSOC;8000.0;Fonctionnement
7286;CONFED NAT LOGEMENT FED 31;6000.0;Fonctionnement
2118;SOCIO EDUCATIVE DE TOULOUSE EST ASSOC;1000.0;Fonctionnement
65687;GAIA IEP ASSOC;1400.0;Fonctionnement
43044;AMICALE DES ANCIENS COMBATTANTS ET VICTIMES CIVILES DU MAQUIS ST LYS;160.0;Fonctionnement
24010;SOLAFRIKA ASSOC;4000.0;Fonctionnement
23163;PLANETE SCIENCES ASSOC;13000.0;Fonctionnement
41418;LA GRAINERIE ASSOC;32900.0;Fonctionnement
58485;ANIM MALICE ASSOC;681642.9;Fonctionnement
24841;FESTIVAL INTERNATIONAL DE TANGO DE TOULOUSE;37000.0;Fonctionnement
7752;CREPT CENTRE REGIONAL ETUDES ET PROMOTION DU TRAVAIL;9900.0;Fonctionnement
9289;DRUMS SUMMIT;5000.0;Fonctionnement
37907;GRISELIDIS ASSOC;31500.0;Fonctionnement
9963;EMPALOT SERVICES PLUS REGIE DE QUARTIER;106400.0;Fonctionnement
23050;PROTECTION ENFANCE ET ADOLESCENCE ASSOC;7000.0;Fonctionnement
20235;CRECHE LES PETITS GALOPINS ASSOC;93236.0;Fonctionnement
19972;CERCLE PECH DAVID ASSOC;34200.62;Fonctionnement
19541;SOLIHA HAUTE GARONNE;356093.51;Investissement
24936;TA ASSOC;5000.0;Fonctionnement
51400;CENTRE REGIONAL D EDUCATION ET DE SERVICES POUR L AUTISME ASSOC;25000.0;Investissement
11408;FRACTAL ASSOC;3000.0;Fonctionnement
19341;ORGETCOM ASSOC;3500.0;Fonctionnement
19759;PAR HAZ ART ASSOC;8000.0;Fonctionnement
1221;LES AMIS DE MONSIEUR ASSOC;8000.0;Fonctionnement
51578;AVENIR SANTE ASSOC;14000.0;Fonctionnement
8166;JEUNES DANSEURS ASSOC;2500.0;Fonctionnement
19699;COMITE DE QUARTIER PAPUS TABAR BORDELONGUE;1500.0;Fonctionnement
45708;ADEL CAFE SOCIAL ASSOC;5000.0;Fonctionnement
46386;FRITURE EDITIONS ASSOC;4000.0;Fonctionnement
6221;UNION DEP SYND CFTC DE HAUTE GARONNE;600.0;Fonctionnement
5125;CTRE D ACCUEIL D ENFANTS DE TOULOUSE ASSOC;123755.88;Fonctionnement
14485;COMMUNE DE JURVIELLE;500.0;Fonctionnement
56624;INPACTS ASSOC;4000.0;Fonctionnement
6224;CGC UNION DEPARTEMENTALE CFE;600.0;Fonctionnement
6112;CENTRE POLYVALENT JEAN RIEUX CRECHE HALTE GARDERIE ASSOC;204131.82;Fonctionnement
4;CCAS DE TOULOUSE;16233114.0;Fonctionnement
24060;SOLIDARITE FAMILIALE ASSOC;5000.0;Fonctionnement
462;POUR LA FORMATION ET AIDE A LA COMMUNICATION AFAC ASSOC;2800.0;Fonctionnement
20864;COLLECTIF DES ASS DES PRADETTES;11600.0;Fonctionnement
20834;COMITE DES SPORTS ET LOISIRS DE POUVOURVILLE;18000.0;Fonctionnement
24952;TCMS TOULOUSE CHEMINOTS MARENGO SPORT ASSOC;35000.0;Fonctionnement
25397;TOAC  TENNIS DE TABLE ASSOC;6000.0;Fonctionnement
14713;KIRIKOU EVENEMENT;7000.0;Fonctionnement
3233;BEBES DAUPHINS TOULOUSAINS ASSOC;2000.0;Fonctionnement
12745;CRECHE GRIBOUILLE;242528.0;Fonctionnement
10661;TOULOUSE FAOURETTE SPORTS ASSOC;5000.0;Fonctionnement
44946;ECOLE DES ENFANTS HOSPITALISES CHU PURPAN;1524.0;Fonctionnement
26674;CERCLE RICHARD WAGNER ASSOC;1000.0;Fonctionnement
50397;CHORALE DES AINES LA JOIE DE VIVRE;320.0;Fonctionnement
46995;FOYER 3IEME AGE EMPALOT DASTE;800.0;Fonctionnement
12720;GRENIER THEATRE ASSOC;5000.0;Fonctionnement
10584;LA FACON ASSOC;1000.0;Fonctionnement
189;AVF TOULOUSE ASSOC;1000.0;Fonctionnement
44139;LA GRANDE EXPO ASSOC;5000.0;Fonctionnement
267;COLLECTIF URGENCE D ACTEURS CULTURELS;25000.0;Fonctionnement
3837;BIDIBULLES ASSOC;288856.0;Fonctionnement
14008;CRECHE CLEMENCE ISAURE;224773.88;Fonctionnement
3346;REGIE DE QUARTIER TOULOUSE BELLEFONTAINE ASSOC;34000.0;Fonctionnement
7932;CUMULO NIMBUS;39500.0;Fonctionnement
25945;UNIVERSCENES ASSOC;8000.0;Fonctionnement
2863;COMPAGNIE LA BARAQUE;24300.0;Fonctionnement
53960;AGITEE ASSOC;1000.0;Fonctionnement
16616;FOOTBALL CLUB MAHORAIS DE TOULOUSE;700.0;Fonctionnement
2154;SPORT QUILLES TOULOUSAIN ASSOC;1000.0;Fonctionnement
13887;GIHP GROUPE INSERTION PERSONNES HANDICAPES PHYSIQUES ASSOC;2200.0;Fonctionnement
45784;CLUB DU TEMPS LIBRE QUARTIER NORD ASSOC;800.0;Fonctionnement
2056;ARTS ET OC ASSOC;2990.0;Fonctionnement
54797;LES PETITS POIS ASSOC;1000.0;Fonctionnement
25660;TRANSHEPATE MIDI PYRENEES ASSOC;500.0;Fonctionnement
54709;FIL ROUGEB ASSOC;5500.0;Fonctionnement
65068;EL CARACOL;2000.0;Fonctionnement
7904;LA CUISINE ASSOC;2000.0;Fonctionnement
26045;VALENTIN HAUY AVH ASSOC;2000.0;Fonctionnement
25566;SEM DEVELOPPEMENT TOURISME REGIONAL - SO TOULOUSE;700000.0;Fonctionnement
1479;ANTIPHONA ASSOC;5000.0;Fonctionnement
47166;FAISONS L EUROPE;1300.0;Fonctionnement
24822;THEATRE TALHERS PRODUCTION ASSOC;5000.0;Fonctionnement
20898;CRECHE PARENTALE PREMIERS PAS SUR LA TERRASSE;107270.0;Fonctionnement
39725;RFTM RECETTE DES FINANCES TOULOUSE MUNICIPALE;-61734.0;Fonctionnement
19478;PETIT OURS BRUN ASSOC;71720.0;Fonctionnement
4835;BRIGADE A4 ASSOC;2000.0;Fonctionnement
188;CRECHE ACCUEIL DU GRAND ROND;108463.24;Fonctionnement
21778;RELAIS ENFANTS PARENTS MP ASSOC;10200.0;Fonctionnement
13297;AS HERSOISE ASSOC;25000.0;Fonctionnement
18031;MOBILITE E S ASSOC;57000.0;Fonctionnement
6706;CENTRE INFORMATION SUR DROITS FEMMES ET FAMILLES HAUTE GARONNE ASSOC;18300.0;Fonctionnement
14065;COMPAGNIE HEDDY MAALEM;68000.0;Fonctionnement
14213;UN PAVE DANS LE JAZZ ASSOC;10000.0;Fonctionnement
533;AGART AMICALE GUYANAIS ANTILLAIS TOULOUSE ASSOC;5000.0;Fonctionnement
43061;ANACR ASS NATIONALE ANCIENS COMBATTANTS DE LA RESISTANCE ASSOC;335.0;Fonctionnement
56624;INPACTS ASSOC;25000.0;Investissement
47881;CLUB DES VIOLETTES DE LALANDE;800.0;Fonctionnement
48325;HOPITAL MARCHANT SIRPEA ASSOC;1035.0;Fonctionnement
55775;AFRT ASS FRANCO ROUMAINE DE TOULOUSE ASSOC;1500.0;Fonctionnement
7155;COMBUSTIBLE ASSOC;29000.0;Fonctionnement
6863;CLASSISCO POUR LA MUSIQUE A L ECOLE ASSOC;7900.0;Fonctionnement
46011;AIDE AUX PATIENTS SOUFRANT D HYPERTENSION ARTERIELLE PULMONAIRE ASSOC;500.0;Fonctionnement
46980;TOUTES VOILES DEHORS ASSOC;1000.0;Fonctionnement
47412;HABITAT JEUNES O TOULOUSE  ASSOC;24002.0;Fonctionnement
66056;MIRAILLEMENT GRAND ASSOC;800.0;Fonctionnement
24061;FRANCE SOLIDARITE ASSOC;8000.0;Fonctionnement
21438;RANDO PLAISIRS ASSOC;500.0;Fonctionnement
36707;SYNDICAT SUD CUTM;2284.53;Fonctionnement
63082;ACTISSE ASSOC;1800.0;Fonctionnement
24793;TAGO GYM ASSOC;3000.0;Fonctionnement
9952;EMETTEUR COMPAGNIE;5000.0;Fonctionnement
5457;CRECHE LE CAPPE;132704.0;Fonctionnement
26522;HELENE VISCOSE ASSOC;3000.0;Fonctionnement
26805;COMPAGNIE X ICI;10000.0;Fonctionnement
1417;ANIMATION DE LOISIRS A L HOPITAL ASSOC;500.0;Fonctionnement
18007;MJC ROGUET MAISON JEUNES CULTURE ASSOC;47700.0;Fonctionnement
3026;STADE TOULOUSAIN BASEBALL ASSOC;20000.0;Fonctionnement
22989;VIVRE AU SATIE ASSOC;2500.0;Fonctionnement
19532;PACE  PHOTOGRAPHIE  CHATEAU EAU ASSOC;530000.0;Fonctionnement
25191;THEATRE GARONNE ASSOC;800000.0;Fonctionnement
4482;CLUB BOULISTE TOULOUSAIN ASSOC;15000.0;Fonctionnement
46139;BOULES RAPHAEL PARC ASSOC;2500.0;Fonctionnement
8256;ASEER ASS SOCIO EDUCATIVE EMPALOT RANGUEIL ASSOC;53100.0;Fonctionnement
7588;COUPLE ET FAMILLE DE TOULOUSE;8500.0;Fonctionnement
2827;BALMA ST EXUPERY 31 ASSOC;15000.0;Fonctionnement
21619;REFLET 31 ASSOC;14000.0;Fonctionnement
5175;CALANDRETA DE GARONETA ASSOC;57639.55;Fonctionnement
43200;AMICALE NATIONALE DES ANCIENS ET ANCIENS COMBATTANTS DU GRAND 14 ASSOC;270.0;Fonctionnement
9154;DOMINO;3000.0;Fonctionnement
45747;FOYER 3IEME AGE BONNEFOY LAPUJADE;800.0;Fonctionnement
47883;CLUB LOISIRS ET DETENTE GRAND SELVE;700.0;Fonctionnement
46986;CLUB SAINT AGNE DU 3IEME AGE;600.0;Fonctionnement
54382;LE BELLE EQUIPE ASSOC;1500.0;Fonctionnement
339;ADEC NS ASSOC;2000.0;Fonctionnement
22862;COLLEGE GEORGE SAND;7962.0;Fonctionnement
21265;QUAD ET CIE ASSOC;2500.0;Fonctionnement
21893;LES RESTOS BEBE ASSOC;2000.0;Fonctionnement
24182;SOS FAMILLES EMMAUS ASSOC;2300.0;Fonctionnement
36736;REGIE AGRICOLE VILLE DE TOULOUSE;280000.0;Fonctionnement
8422;POUR LA DEFENSE DES FAMILLES ET DE L INDIVIDU ADFI ASSOC;1500.0;Fonctionnement
2227;ATD QUART MONDE ASSOC;1000.0;Fonctionnement
19715;PARALYSES DE FRANCE DELEGATION HAUTE GARONNE ASSOC;3500.0;Fonctionnement
46935;ENSEMBLE VOCAL RIVE GAUCHE DE TOULOUSE;1000.0;Fonctionnement
5991;COLL CONTRE NUISANCES AERIENNES TOULOUSE ASSOC;1000.0;Fonctionnement
17673;CIE MESSIEURS MESDAMES;10000.0;Fonctionnement
21780;INTER RELAIS  ASSOC;15000.0;Fonctionnement
24555;CURE DE SAINT-PIERRE M;786.65;Fonctionnement
21124;SIC ASSOCIATION DES PSYCHOLOGUES CLINICIENS ASSOC;1000.0;Fonctionnement
10841;LES AMIS DU PETIT FERDINAND ASSOC;190546.7;Fonctionnement
15955;CLAE ARMAND LEYGUES ASSOC;157238.23;Fonctionnement
4479;CRECHE BOULE DE GOMME;91520.0;Fonctionnement
9423;COMPAGNIE NELSON DUMONT;52000.0;Fonctionnement
10520;LES EXPLORATEURS CRECHE ASSOC;125510.0;Fonctionnement
19895;ACRPL CONSEILS DE RESIDANTS PATRIMOINE LANGUEDOCIENNE ASSOC;3000.0;Fonctionnement
24400;STADE TOULOUSAIN SECTION RUGBY ASSOC;554000.0;Fonctionnement
23208;ATELIER DU SCRIBE ASSOC;7000.0;Fonctionnement
13077;TOULOUSE HALTERO CLUB ASSOC;1300.0;Fonctionnement
24940;TBHC TOULOUSE BLAGNAC HOCKEY CLUB CTE BIS EN RJ ASSOC;40500.0;Fonctionnement
49721;MAGUY MARIN CIE ASSOC;8479.08;Investissement
11952;GASEL GUILLAUMET SPORTS ET LOISIRS ASSOC;181159.16;Fonctionnement
11070;FITE FESTIVAL INTERNATIONAL THEATRE ENFANTS ET JEUNES;15000.0;Fonctionnement
25072;TENDRES GALIPETTES ASSOC;109800.0;Fonctionnement
16435;CRECHE PARENTALE DANS LA LUNE;73216.0;Fonctionnement
16770;MANDALA BOUGE ASSOC;30000.0;Fonctionnement
47344;TOULOUSE ATHLETIC CLUB VOLLEY BALL ASSOC;6000.0;Fonctionnement
25861;UCJG UNION CHRET JEUNES GENS ROBERT MONNIER ASSOC;20000.0;Fonctionnement
43198;LES FILS DES TUES DE LA HAUTE GARONNE ASSOC;315.0;Fonctionnement
407;ADPAM AIDE A DOMICILE AUX PERSONNES AGEES ET MALADES ASSOC;60000.0;Fonctionnement
46200;INTERCLUBS CONCORDE 3IEME AGE;450.0;Fonctionnement
45752;CLUB 3IEME AGE CROIX DE PIERRE;650.0;Fonctionnement
7813;CROSI MIDI PYRENEES ASSOC;3500.0;Fonctionnement
2553;AVOCATS SANS FRONTIERES ASSOC;7500.0;Fonctionnement
19886;TOULOUSE CLUB PATINAGE ME CARLES ASSOC;3000.0;Fonctionnement
58460;TOUR DE ROUTE ASSOC;1000.0;Fonctionnement
30978;SAMBA RESILLE;42500.0;Fonctionnement
24821;TALENTS D OC ASSOC;1700.0;Fonctionnement
12576;JUSTE UN AVANT GOUT ASSOC;2000.0;Fonctionnement
25190;THEATRE NATIONAL TOULOUSE MIDI-PYRENEES SAS;2869429.0;Fonctionnement
292;ACTS ACTIONS CULTURELLES POUR TOUS EN SIGNES ASSOC;10000.0;Fonctionnement
65172;TOULOUSE INGENIERIE MULTIDISCIPLINAIRE ASSOC;2000.0;Fonctionnement
34197;LES VIDEOPHAGES ASSOC;23000.0;Fonctionnement
25189;THEATRE ET ORCHESTRE DU CAPITOLE;22074721.0;Fonctionnement
14608;K DANSE;25000.0;Fonctionnement
2944;ENSEMBLE BAROQUE DE TOULOUSE;79000.0;Fonctionnement
40096;ADIE DROIT A L INITIATIVE ECONOMIQUE ASSOC;38000.0;Fonctionnement
6342;CHANTIERS NOMADES;40000.0;Fonctionnement
62117;ART MANIAK ASSOC;5000.0;Fonctionnement
4720;VIA BRACHY ASSOC;9000.0;Fonctionnement
55906;DIESE 31 DIESE;10000.0;Fonctionnement
25864;UD CSF H ASSOC;5000.0;Fonctionnement
19850;THEATRE  PASSERELLE ASSOC;2500.0;Fonctionnement
23788;SI T LIBRE ASSOC;85021.0;Fonctionnement
14325;JOE J OUVRE L OEIL ASSOC;11000.0;Fonctionnement
2109;SOCIALE EDUCATIVE CULTURELLE ASSOC;12000.0;Fonctionnement
31428;CORPS ET ARTS;4800.0;Fonctionnement
14723;KLAKSON ASSOC;13000.0;Fonctionnement
16450;THEATRE  LUTIN ASSOC;15000.0;Fonctionnement
26528;VISITE DES MALADES DS ETS HOSPIT ET HOPITAUX ASSOC;500.0;Fonctionnement
19541;SOLIHA HAUTE GARONNE;129270.83;Fonctionnement
65650;LA ROULOTTE SOLIDAIRE ASSOC;200.0;Fonctionnement
63176;LA POSTE SA;6000.0;Investissement
62998;AGENCE UNIVERSITAIRE DE LA FRANCOPHONIE ASSOC;10000.0;Fonctionnement
45682;JEUNES HANDICAPAES ASSOC;10000.0;Fonctionnement
45748;CLUB DES AINES DE CROIX DAURADE;950.0;Fonctionnement
699;CLUB DES AINES DES PRADETTES;550.0;Fonctionnement
53030;DOJOTONIC;700.0;Fonctionnement
22219;RODEO FOOTBALL CLUB;100000.0;Fonctionnement
9996;ENFANFARE ASSOC;247511.0;Fonctionnement
24355;SPIRALE ASSOC;44119.2;Fonctionnement
40094;DELL ARTE ASSOC;101500.0;Fonctionnement
16798;MANIFESTE ASSOC;17660.0;Fonctionnement
7776;CRIJ CENTRE REGIONAL INFORMATION JEUNESSE;160600.0;Fonctionnement
25077;TENNIS CLUB BELLEFONTAINE ASSOC;6000.0;Fonctionnement
2042;LES ARTS RENAISSANTS ASSOC;60000.0;Fonctionnement
6722;CIMADE DE TOULOUSE GROUPE LOCAL;25000.0;Fonctionnement
20866;JEUNESSE SPORTIVE DES PRADETTES ASSOC;18000.0;Fonctionnement
18554;EOLE COLLECTIF DE MUSIQUE ACTIVE;35000.0;Fonctionnement
14070;POINT INFORMATION JEUNESSE ASSOC;29000.0;Fonctionnement
7918;CULTURES DU COEUR;12000.0;Fonctionnement
1685;ARC EN CIEL TOULOUSE ASSOC;11000.0;Fonctionnement
54988;AFRIQUE ARC EN CIEL TOULOUSE ASSOC;500.0;Fonctionnement
1216;AMIS  DU STADE TOULOUSAIN ASSOC;300000.0;Fonctionnement
45740;SPORTIVE TOULOUSE INTER GENERATION ASTIG ASSOC;750.0;Fonctionnement
7004;COCAGNE ACEPP 31;3000.0;Fonctionnement
68623;LABORATEURS PEPINERE D ARTISTES ASSOC;8000.0;Fonctionnement
66037;AQUI MACORINA ASSOC;2000.0;Fonctionnement
40278;BGE SUD OUEST ASSOC;28000.0;Fonctionnement
12667;LE MOUVEMENT GRAPHIQUE ASSOC;900.0;Fonctionnement
16651;MAIN TENDUE 31 ASSOC;4000.0;Fonctionnement
25191;THEATRE GARONNE ASSOC;157170.0;Investissement
25192;THEATRE DU PAVE ASSOC;200000.0;Fonctionnement
18563;MUSIC HALLE ASSOC;52600.0;Fonctionnement
19931;LES PETITS FRERES DES PAUVRES ASSOC;10000.0;Fonctionnement
18002;MJC CROIX DAURADE ASSOC;101921.0;Fonctionnement
24374;SPORTS ET LOISIRS ASSOC;98947.0;Fonctionnement
19120;OCT ORCHESTRE CHAMBRE TOULOUSE SARL;200000.0;Fonctionnement
16669;AVENIR NOUVELLE MAISON DES CHOMEURS ASSOC;35000.0;Fonctionnement
21983;LA RIBAMBELLE ASSOC;89650.0;Fonctionnement
25524;TOULOUSE FEMININ HANDBALL ASSOC;100000.0;Fonctionnement
1317;NEGRENEYS CURIE ASSOC;20000.0;Fonctionnement
67674;UNIVERSITE PAUL SABATIER TOULOUSE III;153335.8;Fonctionnement
25737;TOULOUSE TRIATHLON ASSOC;9000.0;Fonctionnement
7347;CONTACT HG;5000.0;Fonctionnement
42785;ENFANCE TOUTE CULTURE;67461.68;Fonctionnement
30152;FAIRE FACE ASSOC;7000.0;Fonctionnement
1415;ANIMATION BAS D IMMEUBLES ASSOC;114665.5;Fonctionnement
14272;COLLECTIF JEUNES DU MONDE;10000.0;Fonctionnement
2113;ASEI AGIR SOIGNER EDUQUER INSERER ASSOC;2127.5;Fonctionnement
25777;TROPIK FOOTBALL CLUB ASSOC;1500.0;Fonctionnement
21908;RESTER VIVRE AUX ARENES ROMAINES ASSOC;1300.0;Fonctionnement
66628;UNDERGROOV ASSOC;6000.0;Fonctionnement
11164;FNAR;420.0;Fonctionnement
62213;LIBRES MARIANNES MIDI PYRENEES ASSOC;500.0;Fonctionnement
523;AFRO EVENTS ASSOC;6000.0;Fonctionnement
26226;LES AMIS DU VERBE ASSOC;2500.0;Fonctionnement
1226;GROUPE AMITIE FRATERNITE ASSOC;7000.0;Fonctionnement
53361;BETTY BOOK PRODUCTION ASSOC;6000.0;Fonctionnement
9032;DIRE;9800.0;Fonctionnement
7770;CRICAO;15361.0;Fonctionnement
7746;CREPI CLUB REGIONAL ENTREPRISES POUR INSERTION ASSOC;144500.0;Fonctionnement
51591;TV SOL ASSOC;7300.0;Fonctionnement
24778;TOULOUSE ATHLETIC CLUB PELOTE ASSOC;3000.0;Fonctionnement
9007;DIOCESAINE DE TOULOUSE ASSOC;544.84;Fonctionnement
5426;CLUB 3EME AGE CAPITOLE;800.0;Fonctionnement
55701;ENSEMBLE VOCAL A CONTRETEMPS;500.0;Fonctionnement
5390;CANTO LAOUZETTO ASSOC;1000.0;Fonctionnement
47882;CLUB 3IEME AGE LES AINES DE LA DAURADE;550.0;Fonctionnement
45770;CLUB DETENTE EVASION LAFOURGUETTE;1200.0;Fonctionnement
7728;CREATURE ASSOC;5000.0;Fonctionnement
13359;UNE HISTOIRE ASSOC;1000.0;Fonctionnement
16089;MONSIEUR LINEA ASSOC;3000.0;Fonctionnement
18347;AUTRES MOTS ASSOC;3000.0;Fonctionnement
3355;ROSERAIE ASSOC;1000.0;Fonctionnement
6518;LES CHEMINS BUISSONNIERS ASSOC;9000.0;Fonctionnement
22995;SATUC STADE ATHLETIC TOULOUSE UNIVERSITE CLUB ASSOC;60000.0;Fonctionnement
65398;COMPAGNIE A TROIS BRANCHES D OC;2940.0;Fonctionnement
64499;NOTE ONLY ASSOC;2000.0;Fonctionnement
3861;BIG DRUM ASSOC;5000.0;Fonctionnement
19288;HABITAT TOULOUSE OFFICE PUBLIC DE L HABITAT;24404.0;Fonctionnement
63682;LIMOUZ ART PRODUCTIONS ASSOC;500.0;Fonctionnement
7196;FRANCE COMORES;2800.0;Fonctionnement
45796;PROMENADE INTER CLUB LES PROMENEURS ASSOC;800.0;Fonctionnement
5593;CARREFOUR CULTUREL ARNAUD BERNARD ASSOC;33000.0;Fonctionnement
30005;LES 198 OS ASSOC;25000.0;Fonctionnement
24367;UNION DES JEUNES SPORTIFS ASSOC;36000.0;Fonctionnement
12113;GENERATIONS SOLIDAIRES ASSOC;47000.0;Fonctionnement
6810;ECOLE CITOYENNE;16200.0;Fonctionnement
25918;UNIES POUR  REUSSIR EMPALOT ASSOC;17000.0;Fonctionnement
7798;JUDO TOULOUSE CROIX DAURADE ASSOC;3500.0;Fonctionnement
24364;CLUB TOULOUSAIN SPORT ADAPTE;2000.0;Fonctionnement
24064;SOLIDARITE JEUNESSE INTERNATIONALE ASSOC;5000.0;Fonctionnement
167;ACCEPPT ASSOC;5500.0;Fonctionnement
2514;AVENIR ETIENNE BILLIERES ASSOC;6000.0;Fonctionnement
66008;ANCIENS COMBATTANTS ET VICTIMES DE GUERRE DE L EQUIPEMENT  31 ASSOC;150.0;Fonctionnement
17810;MIDIFILM ASSOC;3000.0;Fonctionnement
1250;CLUB INTER AGE ROSERAIE AMOUROUX;800.0;Fonctionnement
1694;SOC ARCHEOLOGIQUE DU MIDI DE LA FRANCE ASSOC;3000.0;Fonctionnement
46931;ASSOSCIENCES MIDI-PYRENEES ASSOC;4000.0;Fonctionnement
19093;CTRE FORMATION PROF OCCITANIE;8000.0;Fonctionnement
20921;PRET A PORTER ASSOC;3000.0;Fonctionnement
18663;COMPAGNIE NANAQUI;3000.0;Fonctionnement
507;AFMPLR ASSOC;500.0;Fonctionnement
6753;CIPE CENTRE INFORMATION PETITE ENFANCE ASSOC;35000.0;Fonctionnement
20554;ENSEMBLE A PLECTRE DE TOULOUSE ASSOC;2000.0;Fonctionnement
51900;ITINERANCE ORALE ASSOC;2000.0;Fonctionnement
25868;SYNDICAT UECT UNSA UNION EMPLOYE;2313.65;Fonctionnement
23261;SECOURS CATHOLIQUE ASSOC;1000.0;Fonctionnement
55875;RANDO DE L ESPOIR ASSOC;500.0;Fonctionnement
13989;IRIS ASSOC;1500.0;Fonctionnement
16219;CITE LOISIRS ASSOC;262129.98;Fonctionnement
15388;LASTIKO ASSOC;15000.0;Fonctionnement
22273;TOULOUSE ROLLER HOCKEY CLUB ASSOC;8000.0;Fonctionnement
21571;REBONDS ASSOC;32000.0;Fonctionnement
46029;NEO TOULOUSE FUTSAL ASSOC;1200.0;Fonctionnement
25396;TOAC SECTION LUTTE ASSOC;7500.0;Fonctionnement
4672;BOXING CLUB TOULOUSAIN ASSOC;8500.0;Fonctionnement
47265;LA PISTA ASSOC;1500.0;Fonctionnement
11218;CLUB 3EME AGE FONTAINE BAYONNE;650.0;Fonctionnement
46146;CLUB SAN FRANCISCO;700.0;Fonctionnement
20325;STE TOULOUSAINE DE PHILOSOPHIE ASSOC;1000.0;Fonctionnement
14057;INSTITUT DE TECHNOLOGIE DES TRANSPORTS ET COMMUNICATIONS ASSOC;8200.0;Fonctionnement
45423;YAROSLAVNA ASSOC;3000.0;Fonctionnement
65299;GROUPEMENT ACTEURS DU DEVELOPPEMENT DURABLE ASSOC;5000.0;Fonctionnement
20229;CRECHE PARENTALE LES PETITES CANAILLES;77792.0;Fonctionnement
39095;CONSISTORI DEL GAI SABER ASSOC;5000.0;Fonctionnement
584;AGORA ASSOC;33000.0;Fonctionnement
51556;FA SOL MI LA FABRIQUE SOLIDAIRE DES MINIMES MAISON DES CHOMEURS ASSOC;25000.0;Fonctionnement
1144;AMBITION JEUNESSE ROYAL KI ASSOC;7000.0;Fonctionnement
20054;PENA ANDALOUZA ALMA FLAMENCA ASSOC;23000.0;Fonctionnement
55817;TOULOUSE METROPOLE PALMES ASSOC;5000.0;Fonctionnement
24776;TAC TENNIS DE TABLE ASSOC;5000.0;Fonctionnement
10040;ENTENTE TUC BALMA;10000.0;Fonctionnement
1554;APIAF PROMOTION INITIATIVE AUTONOMES DES FEMMES ASSOC;30100.0;Fonctionnement
37941;ARPADE CPVA ASSOC;122700.0;Fonctionnement
1679;DEVELOP ENFANT ADO LES ARC EN CIEL ASSOC;70661.5;Fonctionnement
52456;TOULOUSE BRONCOS XIII ASSOC;8000.0;Fonctionnement
21353;FOOTBALL CLUB BONNEFOY ASSOC;20000.0;Fonctionnement
35734;INSA TOULOUSE;6000.0;Fonctionnement
63972;CONFLUENCES;10000.0;Fonctionnement
21617;REFLETS ASSOC;8700.0;Fonctionnement
40356;VOLONTARIAT ET SOUTIEN PAR L ART ASSOC;650.0;Fonctionnement
25906;GROUPE UNBER HUMBER ASSOC;12500.0;Fonctionnement
44762;LA TRAVERSEE ASSOC;2000.0;Fonctionnement
11165;FNATH HTE GARONNE GRPT DEP ATH HTE GARONNE;2000.0;Fonctionnement
65676;LE STUDIO FRANCAIS ASSOC;1500.0;Fonctionnement
402;ADOT31  DON ORGANES TISSUS HUMAINS ASSOC;500.0;Fonctionnement
44109;10KMS DE POUVOURVILLE ASSOC;1000.0;Fonctionnement
14268;JEUNESSE AU PLEIN AIR JPA COMITE DEPARTEMENTAL ASSOC;4000.0;Fonctionnement
46535;ECLATS;5000.0;Fonctionnement
46928;LA BOITE A PANDORRE ASSOC;2000.0;Fonctionnement
6289;DES CHALETS HLM SA;24404.0;Fonctionnement
19485;ANVP  OUSTAL ASSOC;10000.0;Fonctionnement
65528;LA CARAVANE DES LANGUES ASSOC;1500.0;Fonctionnement
25097;COMITE DE LA TERRASSE ASSOC;41000.0;Fonctionnement
10170;ESCAMBIAR;35650.0;Fonctionnement
10065;L ENVOL ASSOC;228800.0;Fonctionnement
16840;MAPCU MOUVEMENT ASSOC POUR LES CULTURES URBAINES ASSOC;35000.0;Fonctionnement
10171;ESCAPADE;2800.0;Fonctionnement
8901;DIABALAD;200.0;Fonctionnement
15155;LA MAIN GAUCHE ASSOC;500.0;Investissement
1321;CRECHE AND DO ASSOC;197200.0;Fonctionnement
19569;CLAE MARCEL PAGNOL ASSOC;128939.9;Fonctionnement
7487;COSAT COMITE OEUVRE SOCIALE AGENTS DE LA VILLE DE TOULOUSE;3423595.04;Fonctionnement
20638;LA SEMAINE POLONAISE DE TOULOUSE ASSOC;3000.0;Fonctionnement
9861;LES ELEMENTS ENSEMBLE VOCAL ASSOC;100000.0;Fonctionnement
9997;LES ENFANTS TERRIBLES ASSOC;150118.0;Fonctionnement
10389;ETYMON ASSOC;20000.0;Fonctionnement
25930;UNIS CITE ASSOC;48550.0;Fonctionnement
24718;TOULOUSE NAT SYNCHRO ASSOC;20000.0;Fonctionnement
5105;LE CABRI SYNDIC FAMILLE AMOUROUX ROSERAIE ASSOC;15000.0;Fonctionnement
11537;FREDDY MOREZON PROD;13200.0;Fonctionnement
10829;COMITE FETES DU GRAND FENETRA;28100.0;Fonctionnement
7456;LE CORNET A DES ASSOC;8000.0;Fonctionnement
47123;COMPAGNIE MOLISETTI ASSOC;1200.0;Fonctionnement
13108;SPORTIVE DES HANDI TOULOUSAINS;1500.0;Fonctionnement
26578;GROUPE VOCAL RENAISSANCE ASSOC;2000.0;Fonctionnement
64971;COMITE DE QUARTIER PONTS JUMEAUX;2000.0;Fonctionnement
47173;CARREFOUR DES CULTURES ASSOC;20000.0;Fonctionnement
18003;MJC  EMPALOT ASSOC;117700.0;Fonctionnement
10014;TOUS EN JEU ASSOC;51900.0;Fonctionnement
46203;AMICALE DES AINES DE LAFOURGUETTE ASSOC;1200.0;Fonctionnement
6206;COMITE  FETES  CROIX DAURADE;2500.0;Fonctionnement
9975;ENAC LEONARD DE VINCI;8000.0;Fonctionnement
8425;DEFENSE DE FER;4000.0;Fonctionnement
9609;LA COURTE ECHELLE ASSOC;72285.0;Fonctionnement
468;AFCCC ASS FRANCAISE DES CENTRES DE CONSULTATION CONJUGALE ASSOC;4600.0;Fonctionnement
17918;DEFENSE DES MINEURS;1500.0;Fonctionnement
47322;TOULOUSE HANDBALL SASP;1000000.0;Fonctionnement
23160;SCIENCE ANIMATION MIDI PYRENEES ASSOC;60000.0;Fonctionnement
16586;CLUB EUROPE MAGHREB MIDI PYRENEES;16000.0;Fonctionnement
2130;SPORTIVE DES IZARDS ASSOC;23000.0;Fonctionnement
10001;ENFANT BLEU ENFANCE MALTRAITEE ASSOC;3500.0;Fonctionnement
1682;ARC EN CIEL ASSOC;69539.0;Fonctionnement
24486;CURE PAROISSE ST ETIENNE M;1234.77;Fonctionnement
20998;PRODUCTION DIFFUSION POUR LA JEUNESSE ASSOC;5000.0;Fonctionnement
46933;ATELIER REG PRATIQUE MUSICALE AMATEURS ASSOC;7000.0;Fonctionnement
17540;LA MENAGERIE ASSOC;5200.0;Fonctionnement
1313;FOYER DES ANCIENS PROVIDENCE BONHOURE;1100.0;Fonctionnement
46984;AMICALE 31 DE L ISICA ASSOC;400.0;Fonctionnement
45756;CLUB 3IEME AGE LES FEUILLES D AUTOMNE;600.0;Fonctionnement
156;ACADEMIE TOULOUSAINE  AMIS DE L ORIENT ASSOC;3000.0;Fonctionnement
23268;INFOS SECTES ASSOC;1500.0;Fonctionnement
20920;UNIVERSITE FEDERALE TOULOUSE MIDI-PYRENEES;33870.0;Fonctionnement
19219;JUDO OLYMPIA GYM ASSOC;3000.0;Fonctionnement
47902;TOULOUSE PIERRE PAUL RIQUET ASSOC;2000.0;Fonctionnement
25644;LA TRAME ASSOC;12600.0;Fonctionnement
5225;CALUNE ASSOC;5000.0;Fonctionnement
48017;SOL ASSOC;500.0;Fonctionnement
19321;ORCHIDEE DANSE ET MUSIQUE VIVANTES ASSOC;8000.0;Fonctionnement
55253;AVANTI POPOLO ASSOC;2500.0;Fonctionnement
5444;CAP JEUNES 31 ASSOC;2500.0;Fonctionnement
60562;COMPAGNIE  DE TREATRE A PROPOS;3200.0;Fonctionnement
17428;MEDECINS DU MONDE MIDI PYRENEES ASSOC;21000.0;Fonctionnement
46168;FOYER 3IEME AGE BAGATELLE;950.0;Fonctionnement
6246;SYNDICAT CGT FONCTION ACTIFS ET RETRAITES MAIRIE DE TOULOUSE;2846.13;Fonctionnement
23427;PRINTEMPS DE SEPTEMBRE ASSOC;471500.0;Fonctionnement
6143;CERCLE LAIQUE JEAN CHAUBET ASSOC;66000.0;Fonctionnement
39260;LES PETITS DEBROUILLARDS MIDI PY ASSOC;51400.0;Fonctionnement
26977;ZO KWE ZO ASSOC;6000.0;Fonctionnement
60710;NOUVELLE REGIE NORD;60000.0;Fonctionnement
12114;GENERATIONS REUNIES ASSOC;3000.0;Fonctionnement
17443;MEDIA  PITCHOUNES ASSOC;8000.0;Fonctionnement
17951;MIRAIL BASKET CLUB ASSOC;5000.0;Fonctionnement
13345;CLUB HIPPIQUE DE PECH DAVID;20000.0;Fonctionnement
19314;BLEUE COMME UNE ORANGE ASSOC;14000.0;Fonctionnement
1314;FOYER ANCIENS CHATEAU DE L HERS;800.0;Fonctionnement
12728;GREP MIDI PYRENEES ASSOC;8000.0;Fonctionnement
25214;LES THERESES ASSOC;3000.0;Fonctionnement
2468;ECOLE AUTONOME LAMARCK PERFECTIONNEMENT INST  MEDIC PRO;3277.5;Fonctionnement
7785;MOUVEMENT LE CRI SECTION 31 ASSOC;700.0;Fonctionnement
25684;FAMILLES DE TRAUMATISES CRANIENS;500.0;Fonctionnement
353;ADEPES ASSOC;15000.0;Fonctionnement
660;AIDONS NOUS ASSOC;2000.0;Fonctionnement
1926;Y ARRIVAREM ASSOC;800.0;Fonctionnement
50833;MIXAH ASSOC;1500.0;Fonctionnement
22086;CRECHE RIRE ET CHANSON ASSOC;92905.0;Fonctionnement
8091;ADT PAROISSE NOTRE DAME DALBADE ASSOC;617.4;Fonctionnement
25764;TUC TRIATHLON ASSOC;9000.0;Fonctionnement
11122;FLIM;4500.0;Fonctionnement
5814;CASAL CATALA DE TOULOUSE ASSOC;3500.0;Fonctionnement
19093;CTRE FORMATION PROF OCCITANIE;500.0;Investissement
16936;CRECHE PARENTALE MARIE L EAU;75577.1;Fonctionnement
10939;FESTIVAL DEODAT DE SEVERAC;30000.0;Fonctionnement
8165;CTRE D ART CHOREGRAPHIQUE POUR LE DEV DES DANSES URBAINES ASSOC;152180.0;Fonctionnement
18008;MJC PREVERT ASSOC;167993.0;Fonctionnement
18381;MOUNEDE CAVALE ASSOC;31000.0;Fonctionnement
6134;CEPIERE ACCUEIL JEUNES ASSOC;115000.0;Fonctionnement
10941;FESTIVAL LIVRE JEUNESSE MIDI PYRENEES;11300.0;Fonctionnement
2194;SPORTIVE TOULOUSE MIRAIL FOOTBALL ASSOC;42600.0;Fonctionnement
7788;LE CRI DU CHOEUR ASSOC;4000.0;Fonctionnement
7804;CROIX ROUGE FRANCAISE ASSOC;131055.8;Fonctionnement
22403;ROULEZ ROSE ASSOC;1500.0;Fonctionnement
17527;TOULOUSE MELODIE FRANCAISE ASSOC;12000.0;Fonctionnement
6637;CHORALE POPULAIRE DE TOULOUSE;1000.0;Fonctionnement
2524;LES AMIS E S D AVERROES ASSOC;3000.0;Fonctionnement
18610;FRANCAISE CONTRE LES MYOPATHIES;600.0;Fonctionnement
25514;LES TOULOUSAINS DE TOULOUSE ET AMIS DU VIEUX TOULOUSE ASSOC;25000.0;Fonctionnement
15144;COLLEGE ROSA PARKS EX COLLEGE LALANDE;30790.0;Fonctionnement
19077;ARTISTES OCCITANS ASSOC;500.0;Fonctionnement
20749;LA PORTE OUVERTE DE TOULOUSE ASSOC;3200.0;Fonctionnement
57672;GROUPE FOLKLORIQUE LOU RAMELET MOUNDI ASSOC;1500.0;Fonctionnement
179;ACCOMIP ASSOC;20000.0;Fonctionnement
9998;LES ENFANTS DU PARADIS CIE PARADIS EPROUVETTE ASSOC;2500.0;Fonctionnement
13694;IHEDN  INSTITUT DE HAUTES ETUDES DEFENSE NATIONALE ASSOC;500.0;Fonctionnement
18888;AMICALE DU NID ASSOC;7800.0;Fonctionnement
24842;TANGUEANDO ASSOC;2000.0;Fonctionnement
50252;PARTAGEONS LES JARDINS ASSOC;2000.0;Fonctionnement
65444;ENAC LATECOERE;500.0;Fonctionnement
25340;AMICALE TINTORET  DOTTIN ASSOC;1000.0;Fonctionnement
46199;CLUB 3IEME AGE COLONNE MARENGO;1100.0;Fonctionnement
19085;CONVERGENCIA OCCITANA;75000.0;Fonctionnement
24842;TANGUEANDO ASSOC;3000.0;Investissement
8165;CTRE D ART CHOREGRAPHIQUE POUR LE DEV DES DANSES URBAINES ASSOC;39845.0;Investissement
40558;7 NOTRE QUARTIER SARCOS ROBERT;500.0;Fonctionnement
14918;LA BOITE A LUTINS ASSOC;8950.0;Fonctionnement
2102;ASCGI SPORTIVE ET GYMNASE CULTURISME DES IZARDS ASSOC;4000.0;Fonctionnement
17939;COMPAGNIE DERNIERE MINUTE;50000.0;Fonctionnement
18485;TOULOUSE MULTI BOXE ASSOC;10000.0;Fonctionnement
55456;SALAMANDRE ASSOC;35000.0;Fonctionnement
45292;UNION DEP CONSOMMATION LOGEMENT ET CADRE DE VIE CLCV31 ASSOC;7000.0;Fonctionnement
16224;LOISIRS EDUCATION ET CITOYENNETE GRAND SUD LECGS ASSOC;9350.0;Fonctionnement
16418;GESTION INNOVANTE DE LUDOTHEQUE ASSOC;178020.0;Fonctionnement
53472;JUDO PASSION ASSOC;700.0;Fonctionnement
1524;IMP L ESCOLO ASSOC;3737.5;Fonctionnement
46148;AMICALE D ANCELY ASSOC;770.0;Fonctionnement
45775;CLUB ANIMATION ET ENTRAIDE 3IEME DES MINIMES;1200.0;Fonctionnement
47892;EL ISLAH ASSOC;400.0;Fonctionnement
14234;JEAN CALAS L EUROPE NOUS REGARDE ASSOC;1000.0;Fonctionnement
23999;POUR LE DEVELOPPEMENT DES SOINS PALLIATIFS ASSOC;4000.0;Fonctionnement
659;AIDES ASSOC;8000.0;Fonctionnement
21595;RECRE A JEUX ASSOC;826.0;Fonctionnement
7287;CONFED GENERALE DU LOGEMENT CGL 31;4000.0;Fonctionnement
19855;LE PASSE MURAILLE ASSOC;3000.0;Fonctionnement
70055;JEUNE CHAMBRE ECONOMIQUE DE TOULOUSE ASSOC;1000.0;Fonctionnement
567;AGIR ET DEVENIR ASSOC;3000.0;Fonctionnement
11400;SYNDICAT FGTA FO;3347.97;Fonctionnement
72652;COMPAGNIE DES DEUX RIVES;4800.0;Fonctionnement
2384;AUDIO ET VISUEL ASSOC;20000.0;Fonctionnement
44032;RESEAU COM ASSOC;2000.0;Fonctionnement
7837;CRSU COMITE REGIONAL SPORT UNIVERSITAIRE;12500.0;Fonctionnement
1795;TOULOUSE  ST JO FOOTBALL S C ASSOC;70000.0;Fonctionnement
6742;RENCONTRES CINEMA AMERIQUE LATINE ASSOC;65130.0;Fonctionnement
13417;COLLECTIF D ASSOCIATION LE LIEN ASSOC;62244.5;Fonctionnement
2545;TOULOUSE AVIRON  SPORTS LOISIR ASSOC;75120.0;Fonctionnement
9741;EEDF ECLAIREUSES ECLAIREURS DE FRANCE;4500.0;Fonctionnement
24913;THEATRE TATTOO ASSOC;35000.0;Fonctionnement
6163;CENTRE RECHERCHE ET MEDIATION CERME ASSOC;10000.0;Fonctionnement
24402;STADE TOULOUSAIN SECT  NATATION ASSOC;20000.0;Fonctionnement
2195;SPORTIVE TOULOUSE MIRAIL BADMINTON ASSOC;800.0;Fonctionnement
26383;AIDE A LA VIEILLESSE ASSOC;1500.0;Fonctionnement
8574;DELIRES D ENCRE;7900.0;Fonctionnement
5829;LILI CATHARSIS ASSOC;7000.0;Fonctionnement
14724;KLASSMUTE;7000.0;Fonctionnement
51053;CAP NOMADE ASSOC;5920.0;Fonctionnement
7214;COMPAGNIE MONSIEUR MADAME;1500.0;Fonctionnement
1749;AREA 96 ASSOC;1000.0;Fonctionnement
56080;LA FABRIQUE A REVES ASSOC;1600.0;Fonctionnement
51051;ANIMACAO ASSOC;6000.0;Fonctionnement
20712;THEATRE  PONT NEUF ASSOC;1000.0;Investissement
21456;RAPPROCHEES ASSOC;2000.0;Fonctionnement
7026;CODEURS LPC 31;1500.0;Fonctionnement
23520;SESAME AUTISME MIDI PYRENEES ASSOC;1500.0;Fonctionnement
6208;SYNDICAT INTERCO CFDT MAIRIE TOULOUSE METROPOLE;849.33;Fonctionnement
18006;MJC PONT DES DEMOISELLES ASSOC;6720.0;Investissement
12569;LES GOURMETS DE LETTRES ASSOC;3000.0;Fonctionnement
34978;LIEU RESSOURCE FORMATION ASSOC;25000.0;Fonctionnement
48920;EQUIPE SAINT VINCENT;2000.0;Fonctionnement
25904;UNAFAM SECTION HTE GARONNE ASSOC;1600.0;Fonctionnement
11254;FOOTBALL CLUB TOAC TOEC RUGBY;130000.0;Fonctionnement
746;AJOUR 31 ASSOC;3000.0;Fonctionnement
13326;CRECHE LE HIBOU;105616.0;Fonctionnement
668;INSERTION FAMILLE ORIGI MONDE JEUNES ASSOC;163845.77;Fonctionnement
11815;GAN RACHI ASSOC;120610.86;Fonctionnement
15614;LEB LOISIRS EDUCATION BAGATELLE ASSOC;139781.64;Fonctionnement
28665;TOULOUSE UNIVERSITE CLUB ASSOC;45000.0;Fonctionnement
20349;PIANO AUX JACOBINS ASSOC;70000.0;Fonctionnement
18567;LES MUSICOPHAGES ASSOC;25000.0;Fonctionnement
2725;COLLECTIF HABITANTS DE BAGATELLE STOP LA VIOLENCE;5500.0;Fonctionnement
31109;TRESORERIE DE TOULOUSE CHU;343813.62;Fonctionnement
218;ACIDE LYRIQUE ASSOC;5500.0;Fonctionnement
13398;LIGUE DROITS DE L HOMME ASSOC;5000.0;Fonctionnement
23507;CLUB DU 3E AGE ST MARTIN DU TOUCH;1000.0;Fonctionnement
19144;OFFICE DU TOURISME DE TOULOUSE;775523.0;Fonctionnement
20202;PERSPECTIVES ASSOC;500.0;Fonctionnement
15564;L DANSE ASSOC;12050.0;Fonctionnement
13898;INSTITUT FRANCAIS;72250.0;Fonctionnement
56218;SENS DESSUS DESSOUS ASSOC;1000.0;Fonctionnement
24401;STADE TOULOUSAIN SECTION TENNIS ASSOC;76300.0;Fonctionnement
6220;UNION REGIONALE CFTC MIDI PYRENEES;789.01;Fonctionnement
1438;ANOREXIE BOULIMIE MIDI PYRENEES ASSOC;1000.0;Fonctionnement
25141;CYCLO CLUB LARDENNE SUD;500.0;Fonctionnement
7914;CENTRE CULTUREL FJEP MINIMES ASSOC;67000.0;Fonctionnement
67151;BABY NOVARS ASSOC;701712.0;Fonctionnement
6142;CERCLE LAIQUE ERNEST RENAN ASSOC;121589.21;Fonctionnement
58860;LES PETITS VIOLLET ASSOC;103152.83;Fonctionnement
1399;COMPAGNIE ROUGES LES ANGES;12000.0;Fonctionnement
24032;1 2 3 SOLEIL CLAE ASSOC;416654.87;Fonctionnement
10747;FAUTE O GRAFF;6000.0;Fonctionnement
23193;SCOUTS MUSULMANS DE FRANCE ASSOC;9000.0;Fonctionnement
3832;ALTERN MOBIL SARL;2300.37;Investissement
18887;NIDS D ANGES CRECHE LES PETITS DROLES ASSOC;77908.41;Fonctionnement
10668;CRECHE PARENTALE LA FARANDOLE;73216.0;Fonctionnement
47558;DEPARTEMENTALE FRANCAS HAUTE-GARONNE ASSOC;118127.0;Fonctionnement
4669;ECOLE DE BOWLING DES JEUNES DE TOULOUSE;1000.0;Fonctionnement
22523;TOULOUSE A C LAFOURGUETTE XV ASSOC;11000.0;Fonctionnement
62234;MISERICORDE ASSOC;203448.0;Fonctionnement
20441;PINKPONG ASSOC;10000.0;Fonctionnement
5720;CLUB CASSELARDIT FONTAINES;450.0;Fonctionnement
55254;PLUMES D ELLES ASSOC;2600.0;Fonctionnement
26393;ETUDIANTS VIETNAMIENS A TOULOUSE ASSOC;3000.0;Fonctionnement
56085;LE GEORGES BISTAKI ASSOC;10000.0;Fonctionnement
3170;BAZAR AU BAZACLE ASSOC;10000.0;Fonctionnement
25419;SOURDS DE TOLOSA ASSOC;4000.0;Fonctionnement
23756;SIPR SYND INTERCO PISCINE RAMEE;133181.0;Fonctionnement
46014;INSUFFISANTS RENAUX DE TOULOUSE ET MIDI PYRENEES ASSOC;500.0;Fonctionnement
7086;COLLECTIF CULTURE BAR BARS;15000.0;Fonctionnement
49641;PRISES RAPIDES ASSOC;2000.0;Fonctionnement
68310;MEMOIRE D AEROPOSTALE ASSOC;8000.0;Fonctionnement
9587;ISDAT;4584295.0;Fonctionnement
1677;ASS REG CONSEILLER ENTREPRISES COLLECTIV ASSOC;8000.0;Fonctionnement
26614;CENTRE TOULOUSAIN DU VOLONTARIAT ASSOC;700.0;Fonctionnement
61934;AUTISME 31 ASSOC;1500.0;Fonctionnement
19484;CLAE DES OUSTALOUS ASSOC;141655.67;Fonctionnement
25071;TENDRES CALINS ASSOC;87606.4;Fonctionnement
6171;INSTITUTO CERVANTES;15000.0;Fonctionnement
24782;ECOLE TRADITIONNELLE DE TAEKWONDO;10000.0;Fonctionnement
26192;LES PRODUCTIONS DU VENDREDI ASSOC;10000.0;Fonctionnement
60722;DES IMAGES AUX MOTS;4000.0;Fonctionnement
21049;COMITE DE COORDINATION POUR LA PROMOTION ET SOLIDARITE ASSOC;225148.37;Fonctionnement
6000;CENTRE DE DEVELOPPEMENT CHOREGRAPHIQUE TOULOUSAIN ASSOC;380000.0;Fonctionnement
11210;FONJEP FONDS COOP JEUNESSE EDUC POPULAIRE;463176.0;Fonctionnement
7138;CEC HTE GAR  CONFLITS VICTIMES GUERRE ET ANCIENS COMBATTANTS ASSOC;12000.0;Fonctionnement
18001;MJC DES PONTS JUMEAUX ASSOC;58500.0;Fonctionnement
1571;APOIRC ASSOC;77000.0;Fonctionnement
20236;PTITS POTES CRECHE VITARELLES  ASSOC;495564.81;Fonctionnement
59736;LES P TITS LOUPS DE MONTBLANC ASSOC;124800.0;Fonctionnement
19893;PATRIMOINE LANGUEDOCIENNE HLM SA;385028.34;Investissement
4145;BOIS ET CIE ASSOC;35000.0;Fonctionnement
11081;FJEP JUDO RANGUEIL;1000.0;Fonctionnement
23161;ACADEMIE DES SCIENCES ET LETTRES ASSOC;7000.0;Fonctionnement
54375;CIRQUE DE FEMMES EN TOUT GENRE ASSOC;500.0;Fonctionnement
22249;BOWLING CLUB SPORTIF ROGUET ASSOC;600.0;Fonctionnement
2208;SOC ASTRONOMIE POPULAIRE ASSOC;4500.0;Fonctionnement
22298;THEATRE GRAND ROND ASSOC;130600.0;Fonctionnement
65965;COMPAGNIE DES HUMANOPHONES ASSOC;2000.0;Fonctionnement
18642;FRANCAISE DES SCLEROSES EN PLAQUES ASSOC;500.0;Fonctionnement
56575;TOPOPHONE ASSOC;4800.0;Fonctionnement
21081;ENTRAIDE PROTESTANTE ASSOC;5000.0;Fonctionnement
20599;POINT DE FUITE ASSOC;6000.0;Fonctionnement
11646;LES FURIEUSES ASSOC;4000.0;Fonctionnement
51988;SAISON INDIENNE ASSOC;1000.0;Fonctionnement
21888;RESTAURANT DU COEUR LES RELAIS DU COEUR ASSOC;11500.0;Fonctionnement
4035;CLUB 3E AGE LES BLEUETS BONNEFOY;550.0;Fonctionnement
25506;TOULIBRE ASSOC;4000.0;Fonctionnement
14151;CRECHE LE JARDIN ENCHANTE;90366.5;Fonctionnement
25514;LES TOULOUSAINS DE TOULOUSE ET AMIS DU VIEUX TOULOUSE ASSOC;5000.0;Investissement
24410;AMICALE LAIQUE ST AGNE ASSOC;118015.07;Fonctionnement
20872;EDUCATION NOUVELLE LA PRAIRIE MERCREDIS NON CONFORMES;159343.74;Fonctionnement
25363;TITIEN GOYA FOOTBALL ASSOC;13000.0;Fonctionnement
22624;LES SACQUEBOUTIERS ASSOC;50000.0;Fonctionnement
10202;ES MA ASSOC;5000.0;Fonctionnement
2728;BAGDAM ESPACE LESBIEN ASSOC;10000.0;Fonctionnement
17732;MFPF MOUVEMENT FRANCAIS PLANNING FAMILIAL HAUTE-GARONNE ASSOC;11000.0;Fonctionnement
19707;CINEMA PARADISO;3000.0;Fonctionnement
3351;CERCLE BELLEGARDE ASSOC;680.0;Fonctionnement
46202;FOYER AMITIE ET ESPERANCE QUARTIER TROIS COCUS LES IZARDS;800.0;Fonctionnement
62364;UNION SPORTIVE ENSEIGNEMENT PREMIER DEGRE TOULOUSE ASSOC;3000.0;Fonctionnement
63781;LAZZI THEATRE ASSOC;3000.0;Fonctionnement
54650;CRESUS TOULOUSE;500.0;Fonctionnement
14009;CLEMENCE ISAURE;24000.0;Fonctionnement
70404;SPM PROD ASSOC;6000.0;Fonctionnement
25863;UDAF 31 ASSOC;6000.0;Fonctionnement
52126;NATIONALE LE REFUGE ASSOC;15000.0;Fonctionnement
49533;JULES ET JULIES ASSOC;1500.0;Fonctionnement
6761;CIRCA AUCH GERS MIDI PYRENEES ASSOC;20000.0;Fonctionnement
40817;COFRIMI CONSEIL FORMATION REAL IMMIGRA ET INTERC ASSOC;2000.0;Fonctionnement
24180;SOS AMITIE MIDI PYRENEES ASSOC;4000.0;Fonctionnement
700;CLUB AINES DE LARDENNE;1100.0;Fonctionnement
46212;FOYER ANCIENS SOUPETARD JUNCASSE SERVEYROLLES;800.0;Fonctionnement
63327;BULLES D ANGE ASSOC;17000.0;Fonctionnement
21960;REGIE MUNICIPALE GESTION THEATRE TOULOUSE SORANO JULES JULIEN;1616000.0;Fonctionnement
52208;LES PASSEURS D IMAGES ASSOC;25000.0;Fonctionnement
947;ALLEE  CLAE PATTE D OIE LAIQUE LOISIRS EDUC ENFANTS ASSOC;271580.18;Fonctionnement
257;CITES DU SECOURS CATHOLIQUE EX ASSO CITE LA MADELAINE ASSOC;234515.0;Fonctionnement
20534;PLAN 9 ASSOC;56010.0;Fonctionnement
478;FONDATION ETUDIANTE POUR LA VILLE ASSOC;99700.0;Fonctionnement
45798;EGEE ASSOC;7100.0;Fonctionnement
18595;MUTUALITE FRANCAISE HAUTE GARONNE;744891.27;Fonctionnement
14261;JERKOV MUSIQUE ASSOC;15000.0;Fonctionnement
20865;TOULOUSE PRADETTES JUDO SAMBO ASSOC;5300.0;Fonctionnement
22141;RMA PRODUCTION REYNERIE MUSIQUE ART PRODUCTION ASSOC;5000.0;Fonctionnement
12217;GEST GROUPE ETUDE SUR TRANSIDENTITE ASSOC;2500.0;Fonctionnement
5400;CAP CENTRE ASSOC;6000.0;Fonctionnement
25547;TOULOUSE LALANDE AUCAMVILLE XV TLA XV ASSOC;8000.0;Fonctionnement
16507;LOISIRS ENFANTS JEAN MACE ASSOC;405972.23;Fonctionnement
22082;LA BALADE DE RIQUET ASSOC;2000.0;Fonctionnement
49384;LES AMIS DE L ORGUE DU TEMPLE DU SALIN ASSOC;975.15;Fonctionnement
46983;AMPAR 31 ASS MIDI-PYRENEES DES ARTISANS RETRAITES ASSOC;620.0;Fonctionnement
47912;ERABLES 31;1535.0;Fonctionnement
17794;MICRO SILLONS ASSOC;3000.0;Fonctionnement
20315;PHILEMON ASSOC;1500.0;Fonctionnement
26178;EMPALOT VELO CLUB;2000.0;Fonctionnement
40556;7 ANIMES ASSOC;257279.82;Fonctionnement
23704;THEATRE LE VENT DES SIGNES ASSOC;58600.0;Fonctionnement
12101;GENEPI GROUPE ETUDE NAT ENSEIG PERS INCARCEREES ASSOC;1500.0;Fonctionnement
19791;PARLE AVEC ELLES ASSOC;10000.0;Fonctionnement
7691;CONSEIL REPRESENTATIF ASS NOIRES MIDI PYRENEES CRAN;10000.0;Fonctionnement
61522;IMAD IBN ZIATEN POUR LA JEUNESSE ET POUR LA PAIX ASSOC;3000.0;Fonctionnement
51400;CENTRE REGIONAL D EDUCATION ET DE SERVICES POUR L AUTISME ASSOC;4000.0;Fonctionnement
15920;LAS LETRAS OCCITANAS LETTRES D OC ASSOC;4000.0;Fonctionnement
13209;HEBRAICA ASSOC;10000.0;Fonctionnement
11187;THEATRE FOLAVRIL ASSOC;2500.0;Fonctionnement
10609;FAIRE FACE ENSEMBLE;500.0;Fonctionnement
56252;LES AMIS DE LA HALTE SANTE ASSOC;1000.0;Fonctionnement
3226;DES ETUDIANTS DE L ISDAT ASSOC;3500.0;Fonctionnement
21050;APIHMS PROMO  DES INTELLECTUELS HANDICAPES MOTEURS OU SENSORIELS ASSOC;1000.0;Fonctionnement
49648;LO CONGRES PERMANENT DE LA LENGA OCCITANA ASSOC;6000.0;Fonctionnement
20566;CRECHE PARENTALE PLUME D ANGE ASSOC;174536.97;Fonctionnement
7201;COMPAGNIE 111;50000.0;Fonctionnement
2552;AVL ASSOC;22757.77;Fonctionnement
46226;VACANCES FAMILLES 31 L ACCUEIL EN PLUS ASSOC;3000.0;Fonctionnement
62107;TMB TOULOUSE METROPOLE BASKET SAS;700000.0;Fonctionnement
15485;LAUZETA CHOEURS D ENFANTS DE TOULOUSE ASSOC;20000.0;Fonctionnement
1590;APSEM ASSOC SOCIO EDUCATIVE DES MIGRANTS ASSOC;11500.0;Fonctionnement
10580;FACE GRAND TOULOUSE  ASSOC;42000.0;Fonctionnement
25773;TROMBONE ASSOC;9800.0;Fonctionnement
8284;DAUPHINS DU TOEC ASSOC;261000.0;Fonctionnement
25509;TOULOUSE XIII ASSOC;80000.0;Fonctionnement
19748;ECOLE DES PARENTS ET EDUCATEURS;28464.08;Fonctionnement
9694;ECOLE DES DROITS DE L HOMME ASSOC;19000.0;Fonctionnement
2546;AVIRON TOULOUSAIN ASSOC;40000.0;Fonctionnement
47899;TEC RUGBY ASSOC;11000.0;Fonctionnement
1026;CLUB ALPIN FRANCAISE DE TOULOUSE;2000.0;Fonctionnement
2209;ASTRO BASKET CLUB ASSOC;10000.0;Fonctionnement
16003;LIBERTE AUX JOUEUSES ASSOC;8500.0;Fonctionnement
10237;L ESPERLUETTE ASSOC;4000.0;Fonctionnement
51516;ARCHIPEL ASSOC;2500.0;Fonctionnement
11558;FREQUENCE CORPORELLE;3000.0;Fonctionnement
43024;THEATRE EXTENSIBLE ASSOC;3000.0;Fonctionnement
1942;ART DU CIRQUE DES PRADETTES ASSOC;800.0;Fonctionnement
63561;COMPAGNIE POST PARTUM;1500.0;Fonctionnement
21899;RETINA FRANCE ASSOC;500.0;Fonctionnement
68592;LA LOCOMOTIVE ASSOC;4258.0;Fonctionnement
13706;ILE ENCHANTEE ASSOC;5944.84;Fonctionnement
13913;INTERACTIONS ASSOC;12000.0;Fonctionnement
14337;JOLIMONT EN FETE ASSOC;9000.0;Fonctionnement
20975;PRISM POUR LA RECHERCHE ET INFO SOCIALE ET MEDICALE ASSOC;13000.0;Fonctionnement
69397;REYNERIE MIROIR ASSOC;2000.0;Fonctionnement
39069;SYNETHIC ASSOC;8000.0;Fonctionnement
25003;TEFC TOULOUSE EMPALOT FOOT CLUB ASSOC;16500.0;Fonctionnement
71511;PASSERELLES NORD SUD;1000.0;Fonctionnement
10503;TOULOUSE OVALIE XIII RUGBY ASSOC;4000.0;Fonctionnement
61949;TIVOLLIER;34858.0;Investissement
2816;CRECHE LE BALLON;160160.0;Fonctionnement
6719;LE NID DES CIGOGNEAUX ASSOC;164736.0;Fonctionnement
25872;UFCV MIDI PYRENEES ASSOC;118287.94;Fonctionnement
2502;AVANT MARDI ASSOC;41000.0;Fonctionnement
58541;JEUNESSE SPORTIVE CITOYENNE DE TOULOUSE ASSOC;1000.0;Fonctionnement
11010;THEATRE LE FIL A PLOMB ASSOC;38000.0;Fonctionnement
7205;LA PETITE ASSOC;32000.0;Fonctionnement
10373;ETRE MOBILE C EST PERMIS;7000.0;Fonctionnement
2723;UNION SPORTIVE DE BAGATELLE ASSOC;26000.0;Fonctionnement
27642;CENTRE ACTIVITE ANATOLE FRANCE ASSOC;209759.43;Fonctionnement
14274;ACADEMIE DES JEUX FLORAUX ASSOC;5000.0;Fonctionnement
10031;ENSEMBLE A TOUT AGE;600.0;Fonctionnement
46922;ACADEMIE DU LANGUEDOC ASSOC;1000.0;Fonctionnement
46952;COLLECTIF JOB ASSOC;2000.0;Fonctionnement
7178;COMME UNE COMPAGNIE ASSOC;5000.0;Fonctionnement
25099;GLET ECOLE LA TERRASSE MIXTE ASSOC;154826.48;Fonctionnement
51846;FOYER JEUNES TRAVAILLEUSES ESPERANCE ASSOC;3166.0;Fonctionnement
37257;OPPIDEA SEM;500000.0;Investissement
13888;AIDE INSERTION ET REINTEGRATION ASSOC;2000.0;Fonctionnement
20835;ASSOC ECOLE PUBLIQUE POUVOURVILLE;115204.07;Fonctionnement
24946;TCHIN TCHINE ASSOC;47550.0;Fonctionnement
25613;TO7  TOULOUSE OUVERTURE 7 ASSOC;46000.0;Fonctionnement
25399;TOAC TOULOUSE OLYMPIQUE AEROSPATIALE CLUB ASSOC;71000.0;Fonctionnement
26906;LES ZAZOUS DU BIJOU ASSOC;22000.0;Fonctionnement
23051;SAVIM SERVICE AIDE AUX VICTIMES D INFORMATION DE MEDIATION ASSOC;255663.0;Fonctionnement
16671;MAISON DES ECHECS TOULOUSE LARDENNE ASSOC;500.0;Fonctionnement
18962;NE PERDONS PAS LE NORD ASSOC;450.0;Fonctionnement
6796;DROIT DE CITE TOULOUSE ASSOC;3000.0;Fonctionnement
49030;SPORTIVE MURET TOULOUSE HANDISPORT ASSOC;7250.0;Fonctionnement
25161;TFC TOULOUSE FOOTBALL CLUB SASP;1000000.0;Fonctionnement
14569;KARAVAN;20000.0;Fonctionnement
7565;MILLE ET UNE COULEURS ASSOC;4500.0;Fonctionnement
9627;THEATRE L ECLAT ASSOC;1500.0;Fonctionnement
6741;CINEMA ABC;38300.0;Fonctionnement
44217;SOCIETE DES ARTISTES MERIDIONAUX ASSOC;1000.0;Fonctionnement
11896;LA GARONNE EXPOSE ASSOC;1500.0;Fonctionnement
19491;L OUTIL EN MAIN ASSOC;1000.0;Fonctionnement
2025;ARTO ASS RAMONVILLE THEATRE OUVERT ASSOC;17000.0;Fonctionnement
9633;L ECLUSE ASSOC;2500.0;Fonctionnement
6895;LA CLEF ASSOC;6000.0;Fonctionnement
4609;LE BOUSTROPHEDON ASSOC;2500.0;Fonctionnement
7952;CVESMP;1500.0;Fonctionnement
44226;TERRES EN MELEES ASSOC;4000.0;Fonctionnement
6143;CERCLE LAIQUE JEAN CHAUBET ASSOC;780.0;Investissement
25691;TRAVERSE VIDEO ASSOC;10000.0;Fonctionnement
15143;LALA FARCETTE ASSOC;4000.0;Fonctionnement
2193;SPORTIVE TOULOUSE LARDENNE ASSOC;20000.0;Fonctionnement
26609;VOLANT CLUB TOULOUSAIN ASSOC;7000.0;Fonctionnement
11893;GARONNE MULTI SERVICES ASSOC;10500.0;Fonctionnement
21544;RACING CLUB MONTANE DE TOULOUSE ASSOC;6500.0;Fonctionnement
961;ALLIANCE ASSOC;4900.0;Fonctionnement
22357;ROTATION ASSOC;50000.0;Fonctionnement
62234;MISERICORDE ASSOC;200000.0;Investissement
9739;EDV EVENEMENTS ET  DIFFUSION VIDEO;6000.0;Fonctionnement
6759;CIRASTI MIDI PYRENEES ASSOC;10000.0;Fonctionnement
2484;AUXILIA ASSOC;800.0;Fonctionnement
21447;COMITE FETES RANGUEIL SAUZELONG;5000.0;Fonctionnement
67220;SOCIETE PROTECTRICE DES ANIMAUX ATPA ASSOC;54600.0;Fonctionnement
24455;SAINT CYPR QUARTIER LIBRE ASSOC;1000.0;Fonctionnement
5700;CASIT COMITE ACTION SOCIALE ISRAELITE DE TOULOUSE ASSOC;13000.0;Fonctionnement
18107;ARTISANS DU MONDE ASSOC;1500.0;Fonctionnement
14234;JEAN CALAS L EUROPE NOUS REGARDE ASSOC;500.0;Investissement
24281;SOURIRES D ENFANTS ASSOC;500.0;Fonctionnement
20377;INSTITUT PICOT DE LAPEYROUSE ASSOC;11000.0;Fonctionnement
19880;PATCH WORK ASSOC;8150.0;Fonctionnement
64613;BAJO EL MAR ASSOC;5000.0;Fonctionnement
4484;COMITE BOULISTE DEPT DE LA HAUTE GARONNE;1500.0;Fonctionnement
11217;TOULOUSE FONTAINES CLUB ASSOC;150000.0;Fonctionnement
10573;FABULAX;1000.0;Fonctionnement
26306;VEUVES ET  VEUFS DE  HAUTE GARONNE ASSOC;950.0;Fonctionnement
24037;SOLEIL POUR TOUS ASSOC;2000.0;Fonctionnement
54512;MON QUARTIER GRANDE BRETAGNE ASSOC;1000.0;Fonctionnement
24000;ACSTE CENTRES DE SOINS DE TOULOUSE ET ENVIRONS ASSOC;3000.0;Fonctionnement
64017;BIM BAM PROD ASSOC;6000.0;Fonctionnement
23260;SECOURS POPULAIRE FRANCAIS ASSOC;20000.0;Fonctionnement
6639;CHORALE LES PARADOUX;750.0;Fonctionnement
65090;UNE PLACE POUR CHACUN ASSOC;2000.0;Fonctionnement
3290;BEL AIR ASSOC;1500.0;Fonctionnement
190;ACCUEIL ET FAMILLE PLACEMENT FAMILIAL ASSOC;7200.0;Fonctionnement
16450;THEATRE  LUTIN ASSOC;1500.0;Investissement
15127;LIGUE DE L ENSEIGNEMENT 31 ASSOC;41000.0;Fonctionnement
19087;CENTRE OCCITAN MUSIQUES DANSES TRADITIONNELLES TOULOUSE ASSOC;224000.0;Fonctionnement
2795;BBB CENTRE D ART ASSOC;78500.0;Fonctionnement
6739;CINEMATHEQUE DE TOULOUSE ASSOC;600000.0;Fonctionnement
24835;LE TAMBOUR ASSOC;8500.0;Fonctionnement
28897;TOULOUSE ATHLETIC CLUB FOOTBALL ASSOC;26000.0;Fonctionnement
24774;TOULOUSE ATHLETIC CLUB TIR A L ARC ASSOC;800.0;Fonctionnement
9757;EGALITERE;5000.0;Fonctionnement
22525;TOULOUSE RUGBY XIII SA;350000.0;Fonctionnement
11598;FRMJC FEDERATION REGIONALE MJC;108952.0;Fonctionnement
2198;TOULOUSAINE RETRAITE SPORTIVE ASSOC;3000.0;Fonctionnement
21901;MUSEE POSTAL DES ANCIENS AMBULANTS ASSOC;2000.0;Fonctionnement
1552;GROUPE DES APHASIQUES TCHATCHEUR ASSOC;3000.0;Fonctionnement
10227;CENTRE TOULOUSAIN DOC ESPAGNOL ASSOC;2000.0;Fonctionnement
20617;TOULOUSE POLARS DU SUD ASSOC;40000.0;Fonctionnement
2873;EN COMPAGNIE DES BARBARES;2000.0;Fonctionnement
63734;LA COMPAGNIE DE LA TCHATCHE ASSOC;3000.0;Fonctionnement
1505;NAT DES VISITEURS DE PRISON SECTION LOCALE MURET SEYSSES ASSOC;500.0;Fonctionnement
2481;NOS AUTRES ASSOC;30000.0;Fonctionnement
18325;MOSAIKA ASSOC;13600.0;Fonctionnement
26822;YAKA POUCHKA ASSOC;4996.0;Fonctionnement
17939;COMPAGNIE DERNIERE MINUTE;7649.0;Investissement
39854;RIVES DISCOSTANZO INDUSTRIE SAS;6000.0;Investissement
6307;CHAMBRE DES METIERS  HTE GARONNE;282.0;Fonctionnement
16333;CRECHE LES PTITS LOUPS;107580.0;Fonctionnement
22087;CRECHE PARENTALE RIRES GRIMACES ASSOC;99675.35;Fonctionnement
18005;MAISON POUR TOUS MJC ANCELY ASSOC;60500.0;Fonctionnement
45742;L AIRE DES MOTS ASSOC;1700.0;Fonctionnement
10966;FFPE FEDERATION DES FEMMES POUR L EUROPE;24000.0;Fonctionnement
2033;ART REVES ACTION ARA ASSOC;14000.0;Fonctionnement
30010;ASPTT TOULOUSE ASSOC;47300.0;Fonctionnement
21199;PUPILLES ENSEIGNEMENT PUBLIC ASSOC;70599.0;Fonctionnement
21936;REYNERIE SERVICES ASSOC;48800.0;Fonctionnement
9274;MAISON DES DROITS DE L ENFANT ASSOC;8000.0;Fonctionnement
19876;LES PETITS PAS ASSOC;88802.35;Fonctionnement
14156;LES PETITS JARDINIERS ASSOC;102798.7;Fonctionnement
19256;ONIE LE GENIE ASSOC;2500.0;Fonctionnement
14303;JMF JEUNESSES MUSICALES FRANCE DELEGATION DE TOULOUSE ASSOC;5900.0;Fonctionnement
6147;FEDERATION NAT DE L AUTRE CERCLE;2500.0;Fonctionnement
14440;FONDS SOCIAL JUIF UNIFIE ASSOC;13880.0;Fonctionnement
19414;OSSSQUART ASSOC;1100.0;Fonctionnement
24111;SOMUC  SOIREES MUSICALES DU CONSERVATOIRE ASSOC;31500.0;Fonctionnement
19710;SANS PARADIS FIXE ASSOC;2000.0;Fonctionnement
11431;COMITE FRANCE AMERIQUE LATINE TOULOUSE;1500.0;Fonctionnement
5174;FEDERATION DES CALANDRETAS;4000.0;Fonctionnement
21025;PROGRESSIVE PAROLE ASSOC;7000.0;Fonctionnement
46979;HOMODONNEUR ASSOC;500.0;Fonctionnement
55722;COMPAGNIE MMCC ASSOC;1500.0;Fonctionnement
46504;SPORTS QUILLES DE HUIT DE L AMICALE AVEYRONNAISE DE TOULOUSE ASSOC;1000.0;Fonctionnement
7739;CREMATISTE DE HTE GARONNE ASSOC;300.0;Fonctionnement
69658;AUTEUIL PETITE ENFANCE ASSOC;43212.0;Fonctionnement
54892;MIGRATEURS GARONNE DORDOGNE ASSOC MIGADO;1000.0;Fonctionnement
2496;AVAC  VIVRE AUTREMENT SES CONFLITS ASSOC;5000.0;Fonctionnement
17325;MAYGETSIN ASSOC;3875.0;Fonctionnement
44227;COMITE DE JUMELAGE TOULOUSE-ATLANTA;1500.0;Fonctionnement
28680;COMPAGNIE LA VOLIERE ASSOC;2000.0;Fonctionnement
16988;MAROC AMITIE RENCONTRE OBJ CULTURE CHEZ MME PERRUCHOT ASSOC;4000.0;Fonctionnement
24289;SOUTIEN  ENSEIGNEMENT AUX ENFANTS MALADES ASEEM ASSOC;500.0;Fonctionnement
9789;ODRADEK ASSOC;4486.0;Fonctionnement
25956;UP RADIO ASSOC;3540.0;Fonctionnement
62326;TOULOUSE METROPOLE FUTSAL ASSOC;700.0;Fonctionnement
71590;COLLECTIF DES ACTEURS POUR UNE ECONOMIE CONVIVIALE ET SOLIDAIRE ASSOC;13500.0;Fonctionnement
15128;GPT LIGUE FRANCAS LEO LAGRANGE 31;146869.0;Fonctionnement
10445;MAISON  EUROPE ASSOC;5000.0;Fonctionnement
12637;GRANDS INTERPRETES ASSOC;88000.0;Fonctionnement
5316;RADIO CAMPUS TOULOUSE MIDI PYRENEES ASSOC;5000.0;Fonctionnement
47538;LA COMPAGNIE DU RA DIT BLEU ASSOC;5000.0;Fonctionnement
8902;MAISON DU DIABETE ET DE LA SANTE ASSOC;1000.0;Fonctionnement
20767;LES PRODUCTIONS DU POSSIBLE ASSOC;6000.0;Fonctionnement
725;LES AIRS SOLIDAIRES ASSOC;800.0;Fonctionnement
21444;RANGUEIL FOOTBALL CLUB ASSOC;11000.0;Fonctionnement
24678;O COMME 3 MOMES;228800.0;Fonctionnement
12636;GESTION DES ACTIVITES AU GRAND SELVE ASSOC;154020.76;Fonctionnement
26358;MAISON ENFANCE VICTOR HUGO ASSOC;201720.37;Fonctionnement
5173;CALANDRETA TOLZANA COSTA PAVADA ASSOC;114940.84;Fonctionnement
21618;ASSOCIATION REFLET;30100.0;Fonctionnement
40103;CLAP MIDI PYRENEES - CRLAPP;35500.0;Fonctionnement
8720;LYCEE DEODAT DE SEVERAC;20000.0;Fonctionnement
37943;MISSION LOCALE ASSOCIATION SIEGE ASSOC;1000172.0;Fonctionnement
2015;ARTIVITY ASSOC;11500.0;Fonctionnement
44212;CIE LA MAISON;12800.0;Fonctionnement
37067;PAROLE EXPRESSION ASSOC;31300.0;Fonctionnement
5167;CAISSE DES ECOLES TOULOUSE;114350.0;Fonctionnement
52466;BOWL FRIENDS ASSOC;1000.0;Fonctionnement
7327;CONSERVATOIRE ESPACES NATURELS MIDI PYRENEES ASSOC;12000.0;Fonctionnement
56767;CREO 31;5000.0;Fonctionnement
1800;ARIANA ASSOC;5000.0;Fonctionnement
3208;CIE BEAUDRAIN DE PAROI;20000.0;Fonctionnement
5475;CARABOSSE ASSOC;4000.0;Fonctionnement
55779;COMME UN POISSON DANS L ART;3000.0;Fonctionnement
16840;MAPCU MOUVEMENT ASSOC POUR LES CULTURES URBAINES ASSOC;16000.0;Investissement
19803;UN ENFANT DES PARRAINS ASSOC;1200.0;Fonctionnement
19851;AIDE A L EMPLOI LA PASSERELLE ASSOC;15000.0;Fonctionnement
5686;LA CASE DE SANTE ASSOC;15000.0;Fonctionnement
7789;CRL CENTRE REGIONAL DES LETTRES ASSOC;25000.0;Fonctionnement
7758;CRESS ASSOC;2000.0;Fonctionnement
64431;ACTION POUR LES ORPHELINS ROUMAINS ASSOC;300.0;Fonctionnement
25341;ACADEMIE CHRISTOPHE TIOZZO TOULOUSE ASSOC;15000.0;Fonctionnement
72651;COMMER ART PROF LIB QUA LARDENNE ASSOC;2500.0;Fonctionnement
56760;LES MAMANS DES VERGERS ASSOC;3000.0;Fonctionnement
17536;LA MEMOIRE DANS TOUS SES ETATS ASSOC;2000.0;Fonctionnement
6207;UNION DEP CFDT  HAUTE GARONNE ASSOC;600.0;Fonctionnement
46204;CLUB OLIVIER;830.0;Fonctionnement
52235;CYBERDICAP MULTISERVICES ASSOC;1800.0;Fonctionnement
31900;INSTITUT CATHOLIQUE DE TOULOUSE ASSOC;3000.0;Fonctionnement
