Section liquidation;Code tiers bénéficiaire;Nom bénéficiaire;Montant versé 2015
Investissement;2286;FONCIA ATLAS SAS;15412.0
Fonctionnement;4198;LOISIRS BONHOURE ASSOC;133219.5
Fonctionnement;24940;TBHC TOULOUSE BLAGNAC HOCKEY CLUB CTE BIS EN RJ ASSOC;35235.0
Fonctionnement;30152;FAIRE FACE ASSOC;4700.0
Fonctionnement;24364;CLUB TOULOUSAIN SPORT ADAPTE;1740.0
Fonctionnement;46115;CLUB DE L AMITIE DE TOULOUSE;630.0
Fonctionnement;25341;ACADEMIE CHRISTOPHE TIOZZO TOULOUSE ASSOC;21250.0
Fonctionnement;71511;PASSERELLES NORD SUD;1500.0
Investissement;5091;CABINET DE FRANCE SAS;22672.17
Fonctionnement;2384;AUDIO ET VISUEL ASSOC;10000.0
Fonctionnement;2795;BBB CENTRE D ART ASSOC;67400.0
Fonctionnement;62364;UNION SPORTIVE ENSEIGNEMENT PREMIER DEGRE TOULOUSE ASSOC;1750.0
Fonctionnement;24000;ACSTE CENTRES DE SOINS DE TOULOUSE ET ENVIRONS ASSOC;2700.0
Fonctionnement;25077;TENNIS CLUB BELLEFONTAINE ASSOC;7400.0
Fonctionnement;63972;CONFLUENCES;10000.0
Fonctionnement;19818;LA PART MANQUANTE ASSOC;2500.0
Fonctionnement;46928;LA BOITE A PANDORRE ASSOC;2000.0
Fonctionnement;52456;TOULOUSE BRONCOS XIII ASSOC;6800.0
Fonctionnement;2130;SPORTIVE DES IZARDS ASSOC;19550.0
Fonctionnement;2827;BALMA ST EXUPERY 31 ASSOC;13000.0
Fonctionnement;14470;JUMEAUX ET PLUS 31 ASSOC;500.0
Fonctionnement;46981;DEPARTEMENTALE DES INSUFFISANTS RESPIRATOIRES 31 ASSOC;500.0
Fonctionnement;17325;MAYGETSIN ASSOC;3975.0
Fonctionnement;75475;EL HEY ASSOC;1000.0
Fonctionnement;18618;MZ PRODUCTIONS ASSOC;3000.0
Fonctionnement;46761;TLSE PECHE PROTECTION AQUATIQUE ASSOC;4000.0
Fonctionnement;54798;COMPAGNIE ANNE MA SOEUR ANNE;2066.0
Fonctionnement;12637;GRANDS INTERPRETES ASSOC;83600.0
Fonctionnement;10065;L ENVOL ASSOC;228800.0
Fonctionnement;14447;LES AMIES DE LA MATERNELLE JULES JULIEN ASSOC;54112.5
Fonctionnement;43988;COMITE ORGANISATION CARNAVAL UNIVERSITAIRE;100000.0
Fonctionnement;1795;TOULOUSE  ST JO FOOTBALL S C ASSOC;60900.0
Fonctionnement;46987;CLUB 3IEME AGE DES SEPT DENIERS;510.0
Fonctionnement;13531;CLUB DE LOISIRS BONNE HUMEUR 3EME AGE;530.0
Fonctionnement;45789;CLUB DES CHEVEUX D ARGENT DE SAUZELONG RANGUEIL;925.0
Fonctionnement;43058;FRANCAISE D ANCIENS COMBATTANTS VOLONTAIRES GARIBALDIENS A;250.0
Fonctionnement;69397;REYNERIE MIROIR ASSOC;1500.0
Fonctionnement;6810;ECOLE CITOYENNE;14230.0
Fonctionnement;24119;LE CLAN DES SONGES ASSOC;4000.0
Fonctionnement;1144;AMBITION JEUNESSE ROYAL KI ASSOC;1740.0
Fonctionnement;70015;IVICARGO ASSOC;6000.0
Fonctionnement;6863;CLASSISCO POUR LA MUSIQUE A L ECOLE ASSOC;7590.0
Fonctionnement;12113;GENERATIONS SOLIDAIRES ASSOC;47000.0
Fonctionnement;2053;CENTRE DES ARTS URBAINS ASSOC;5100.0
Fonctionnement;46598;AMISPLEGIQUES ASSOC;500.0
Fonctionnement;25874;UFCV ASSOC;4000.0
Fonctionnement;9007;DIOCESAINE DE TOULOUSE ASSOC;549.91
Fonctionnement;56080;LA FABRIQUE A REVES ASSOC;2600.0
Fonctionnement;7086;COLLECTIF CULTURE BAR BARS;13500.0
Fonctionnement;2454;AUTEUIL FONDATION - ATELIER RELAIS OSEE;2000.0
Fonctionnement;81240;PALABRE ESPACE INTERCULTUREL ASSOC;11000.0
Fonctionnement;668;INSERTION FAMILLE ORIGI MONDE JEUNES ASSOC;166124.99
Fonctionnement;19972;CERCLE PECH DAVID ASSOC;31691.16
Fonctionnement;21049;COMITE DE COORDINATION POUR LA PROMOTION ET SOLIDARITE ASSOC;208701.54
Fonctionnement;25737;TOULOUSE TRIATHLON ASSOC;7650.0
Fonctionnement;19362;CLUB 3EME AGE ORMEAU MONTAUDRAN;1000.0
Fonctionnement;19093;CTRE FORMATION PROF OCCITANIE;8000.0
Fonctionnement;462;POUR LA FORMATION ET AIDE A LA COMMUNICATION AFAC ASSOC;2600.0
Fonctionnement;317;ADAPEI CLUB ALOUETTE ASSOC;1000.0
Fonctionnement;44762;LA TRAVERSEE ASSOC;2000.0
Fonctionnement;14268;JEUNESSE AU PLEIN AIR JPA COMITE DEPARTEMENTAL ASSOC;4000.0
Fonctionnement;2951;LA BARQUE ASSOC;1500.0
Fonctionnement;6895;LA CLEF ASSOC;4000.0
Fonctionnement;23520;SESAME AUTISME MIDI PYRENEES ASSOC;1350.0
Fonctionnement;40356;VOLONTARIAT ET SOUTIEN PAR L ART ASSOC;650.0
Fonctionnement;10404;EUROCHORUS ASSOC;2700.0
Fonctionnement;7155;COMBUSTIBLE ASSOC;28500.0
Fonctionnement;23427;PRINTEMPS DE SEPTEMBRE ASSOC;440300.0
Fonctionnement;25641;TRAJECTOIRE ASSOC;13000.0
Fonctionnement;11515;TOULOUSE SPORTS DE GLACE ASSOC;3000.0
Fonctionnement;4673;BOXING TOULOUSE BAGATELLE ASSOC;21250.0
Fonctionnement;73957;LES VOIX DE TRAVERSE ASSOC;2000.0
Fonctionnement;18563;MUSIC HALLE ASSOC;47500.0
Fonctionnement;75813;QUOZEURS BIEN VIVRE QUILMERY MOZART ASSOC;2500.0
Fonctionnement;19893;PATRIMOINE LANGUEDOCIENNE HLM SA;35834.0
Fonctionnement;20236;PTITS POTES CRECHE VITARELLES  ASSOC;381070.4
Fonctionnement;2042;LES ARTS RENAISSANTS ASSOC;55000.0
Fonctionnement;25945;UNIVERSCENES ASSOC;7200.0
Fonctionnement;10246;ESPOIR GITE ECLUSE;10000.0
Fonctionnement;18485;TOULOUSE MULTI BOXE ASSOC;8700.0
Fonctionnement;46146;CLUB SAN FRANCISCO;700.0
Fonctionnement;24793;TAGO GYM ASSOC;13000.0
Fonctionnement;1026;CLUB ALPIN FRANCAISE DE TOULOUSE;1870.0
Fonctionnement;28897;TOULOUSE ATHLETIC CLUB FOOTBALL ASSOC;22620.0
Fonctionnement;20441;PINKPONG ASSOC;9000.0
Fonctionnement;41648;CONFEDERATION SYNDICALE DES FAMILLES;51700.0
Fonctionnement;659;AIDES ASSOC;7200.0
Fonctionnement;34965;LE RELAIS ASSOC;4400.0
Fonctionnement;3233;BEBES DAUPHINS TOULOUSAINS ASSOC;1740.0
Fonctionnement;63668;A2P ASSOCIATION POUR L ACCOMPAGNEMENT DE PROJETS ASSOC;19000.0
Fonctionnement;14057;INSTITUT DE TECHNOLOGIE DES TRANSPORTS ET COMMUNICATIONS ASSOC;8200.0
Fonctionnement;5390;CANTO LAOUZETTO ASSOC;500.0
Fonctionnement;11;AACT SECTION MUSIQUE ASSOC;1000.0
Fonctionnement;23024;CLUB SAUVETAGE ET SECOURISME TOULOUSAIN;800.0
Fonctionnement;46504;SPORTS QUILLES DE HUIT DE L AMICALE AVEYRONNAISE DE TOULOUSE ASSOC;850.0
Fonctionnement;48355;APES ASS PARENTS D ENFANTS SOURDS MIDI-PYRENEES ASSOC;1000.0
Fonctionnement;16089;MONSIEUR LINEA ASSOC;3000.0
Fonctionnement;6753;CIPE CENTRE INFORMATION PETITE ENFANCE ASSOC;35000.0
Fonctionnement;45465;INSTITUT FORMATION SLOW FOOD;4000.0
Fonctionnement;44226;TERRES EN MELEES ASSOC;5000.0
Fonctionnement;22086;CRECHE RIRE ET CHANSON ASSOC;96974.0
Fonctionnement;2944;ENSEMBLE BAROQUE DE TOULOUSE;73600.0
Fonctionnement;2103;ASCM SPORTIVE ET CULTURELLE DE MONTAUDRAN ASSOC;53530.0
Fonctionnement;6739;CINEMATHEQUE DE TOULOUSE ASSOC;522000.0
Fonctionnement;24773;TACTIKOLLECTIF ASSOC;75100.0
Fonctionnement;19569;CLAE MARCEL PAGNOL ASSOC;128744.0
Fonctionnement;961;ALLIANCE ASSOC;4400.0
Fonctionnement;49533;JULES ET JULIES ASSOC;3000.0
Fonctionnement;15128;GPT LIGUE FRANCAS LEO LAGRANGE 31;153409.0
Fonctionnement;3728;BEST TOULOUSE ASSOC;800.0
Fonctionnement;21416;LOU RAMELET MOUNDI;1200.0
Fonctionnement;10170;ESCAMBIAR;45500.0
Fonctionnement;13706;ILE ENCHANTEE ASSOC;10079.0
Fonctionnement;1677;ASS REG CONSEILLER ENTREPRISES COLLECTIV ASSOC;9000.0
Investissement;17929;AGENCE DES MINIMES;1585.84
Fonctionnement;56085;LE GEORGES BISTAKI ASSOC;9000.0
Fonctionnement;353;DEV PROM ECONOMIE SOLIDAIRE ASSOC;15000.0
Fonctionnement;4482;CLUB BOULISTE TOULOUSAIN ASSOC;13050.0
Fonctionnement;17534;TOUS LES MEMES ASSOC;11900.0
Fonctionnement;19219;JUDO OLYMPIA GYM ASSOC;2600.0
Fonctionnement;7798;JUDO TOULOUSE CROIX DAURADE ASSOC;3000.0
Fonctionnement;26578;GROUPE VOCAL RENAISSANCE ASSOC;450.0
Fonctionnement;16770;MANDALA BOUGE ASSOC;5000.0
Fonctionnement;75258;FESTIVAL DES CINEMAS INDIENS DE TOULOUSE ASSO;1000.0
Fonctionnement;23260;SECOURS POPULAIRE FRANCAIS ASSOC;20000.0
Investissement;20920;UNIVERSITE FEDERALE TOULOUSE MIDI-PYRENEES;418772.02
Fonctionnement;2193;SPORTIVE TOULOUSE LARDENNE ASSOC;26100.0
Fonctionnement;60722;DES IMAGES AUX MOTS;3600.0
Fonctionnement;22298;THEATRE GRAND ROND ASSOC;130500.0
Fonctionnement;10841;LES AMIS DU PETIT FERDINAND ASSOC;168067.0
Fonctionnement;49648;LO CONGRES PERMANENT DE LA LENGA OCCITANA ASSOC;5400.0
Fonctionnement;7746;CREPI CLUB REGIONAL ENTREPRISES POUR INSERTION ASSOC;90500.0
Fonctionnement;23268;INFOS SECTES ASSOC;1500.0
Fonctionnement;50186;UNION DES ASSOC DU QUARTIER CHALETS CONCORDE ROQUELAINE ASSOC;1800.0
Fonctionnement;25395;TOULOUSE OLYMPIQUE AEROSPATIALE CLUB ATHLETISME ASSOC;16150.0
Fonctionnement;24952;TCMS TOULOUSE CHEMINOTS MARENGO SPORT ASSOC;30530.0
Fonctionnement;10966;FFPE FEDERATION DES FEMMES POUR L EUROPE;22800.0
Fonctionnement;66771;CLUB ACTIVITE SOCIALE ET CULTURE 3IEME AGE PAPUS;700.0
Fonctionnement;45795;LOISIRS ET SOLIDARITE DES RETRAITES DE LA HAUTE GARONNE ASSOC;1000.0
Fonctionnement;45756;CLUB 3IEME AGE LES FEUILLES D AUTOMNE;600.0
Fonctionnement;5105;LE CABRI SYNDIC FAMILLE AMOUROUX ROSERAIE ASSOC;18000.0
Fonctionnement;74693;COMBATTANTS PRISONNIERS ALGERIE TUNISIE MAROC VEUVES TOE;150.0
Fonctionnement;785;ALI ALAOUI ARTS ET DEVELOPPEMENT ASSOC;2000.0
Fonctionnement;10014;TOUS EN JEU ASSOC;51900.0
Fonctionnement;3290;BEL AIR ASSOC;1500.0
Fonctionnement;13354;SOCIETE HISTOIRE NATURELLE DE TOULOUSE UPS ASSOC;2000.0
Fonctionnement;46984;AMICALE 31 DE L ISICA ASSOC;400.0
Fonctionnement;15920;LAS LETRAS OCCITANAS LETTRES D OC ASSOC;3600.0
Fonctionnement;6761;CIRCA AUCH GERS MIDI PYRENEES ASSOC;18000.0
Fonctionnement;11872;LA GARGOUILLE ASSOC;15200.0
Fonctionnement;64613;BAJO EL MAR ASSOC;6500.0
Fonctionnement;2154;SPORT QUILLES TOULOUSAIN ASSOC;870.0
Fonctionnement;21619;REFLET 31 ASSOC;13900.0
Fonctionnement;25514;LES TOULOUSAINS DE TOULOUSE ET AMIS DU VIEUX TOULOUSE ASSOC;25000.0
Fonctionnement;25905;UNAT MIDI PYRENEES ASSOC;28450.0
Fonctionnement;6639;CHORALE LES PARADOUX;750.0
Fonctionnement;13811;INDELEBILE ASSOC;3800.0
Fonctionnement;81474;SYNDICAT DES TERRITORIAUX SNIAT;301.6
Fonctionnement;3347;COLLEGE BELLEFONTAINE;7760.0
Fonctionnement;18887;NIDS D ANGES CRECHE LES PETITS DROLES ASSOC;81913.44
Fonctionnement;25613;TO7  TOULOUSE OUVERTURE 7 ASSOC;36000.0
Fonctionnement;15485;LAUZETA CHOEURS D ENFANTS DE TOULOUSE ASSOC;18000.0
Fonctionnement;72070;TOULOUSE OLYMPIQUE RUGBY XIII SA;304500.0
Fonctionnement;2524;LES AMIS E S D AVERROES ASSOC;3000.0
Fonctionnement;5213;CALL FORTH ASSOC;8500.0
Fonctionnement;18888;AMICALE DU NID ASSOC;24600.0
Fonctionnement;1685;ARC EN CIEL TOULOUSE ASSOC;10000.0
Fonctionnement;21595;RECRE A JEUX ASSOC;6147.0
Fonctionnement;10040;ENTENTE TUC BALMA;8700.0
Fonctionnement;24037;SOLEIL POUR TOUS ASSOC;2000.0
Fonctionnement;13832;DEPARTEMENTALE INFIRMES MOTEURS;1500.0
Fonctionnement;47902;TOULOUSE PIERRE PAUL RIQUET ASSOC;1750.0
Fonctionnement;16668;LA MAISON DU VELO ASSOC;6800.0
Fonctionnement;17794;MICRO SILLONS ASSOC;3910.0
Fonctionnement;7287;CONFED GENERALE DU LOGEMENT CGL 31;3600.0
Fonctionnement;12720;GRENIER THEATRE ASSOC;4500.0
Fonctionnement;31838;LA MAISON DE L INITIATIVE SCOP;27600.0
Fonctionnement;5814;CASAL CATALA DE TOULOUSE ASSOC;3500.0
Fonctionnement;14261;JERKOV MUSIQUE ASSOC;20500.0
Fonctionnement;61308;DES THEATRES PRES DE CHEZ VOUS;8000.0
Fonctionnement;6836;CLAIRE MAISON OLYMPE DE GOUGES;1200.0
Investissement;79812;TRANSPORTS BERGES SAS;3000.0
Fonctionnement;46092;1 KM A PIED;1000.0
Fonctionnement;21901;MUSEE POSTAL DES ANCIENS AMBULANTS ASSOC;2000.0
Fonctionnement;60459;L ADAPT ASSOC;1000.0
Fonctionnement;63617;SOSALTO ASSOC;2457.0
Investissement;17939;COMPAGNIE DERNIERE MINUTE;29346.0
Fonctionnement;9862;ELEMEN TERRE ASSOC;3000.0
Fonctionnement;48017;SOL ASSOC;500.0
Investissement;278;ACTIM CARCENAC SARL;35160.02
Fonctionnement;17601;MERCI ASSOC;64000.0
Fonctionnement;45798;EGEE ASSOC;4600.0
Fonctionnement;43060;UNION NATIONALE DES COMBATTANTS GROUPE DEPARTEMENTAL ASSOC;1545.0
Fonctionnement;1313;FOYER DES ANCIENS PROVIDENCE BONHOURE;1100.0
Fonctionnement;10662;PARTAGE FAOURETTE ASSOC;108700.0
Fonctionnement;26226;LES AMIS DU VERBE ASSOC;12500.0
Investissement;8090;CABINET DALAS;7211.15
Fonctionnement;2198;TOULOUSAINE RETRAITE SPORTIVE ASSOC;3000.0
Fonctionnement;30010;ASPTT TOULOUSE ASSOC;41000.0
Fonctionnement;1416;CLUB ANIMATION 3EME AGE ST SIMON;610.0
Investissement;25190;THEATRE NATIONAL TOULOUSE MIDI-PYRENEES SAS;132618.32
Fonctionnement;22087;CRECHE PARENTALE RIRES GRIMACES ASSOC;107091.0
Fonctionnement;24410;AMICALE LAIQUE ST AGNE ASSOC;118580.0
Fonctionnement;25099;GLET ECOLE LA TERRASSE MIXTE ASSOC;166040.5
Fonctionnement;2109;SOCIALE EDUCATIVE CULTURELLE ASSOC;10800.0
Fonctionnement;45796;PROMENADE INTER CLUB LES PROMENEURS ASSOC;1900.0
Fonctionnement;6134;CEPIERE ACCUEIL JEUNES ASSOC;145500.0
Fonctionnement;20866;JEUNESSE SPORTIVE DES PRADETTES ASSOC;18660.0
Fonctionnement;43044;AMICALE DES ANCIENS COMBATTANTS ET VICTIMES CIVILES DU MAQUIS ST LYS;160.0
Fonctionnement;26515;VIRE ET VOLTE ASSOC;1200.0
Fonctionnement;47558;DEPARTEMENTALE FRANCAS HAUTE-GARONNE ASSOC;111803.0
Fonctionnement;1552;GROUPE DES APHASIQUES TCHATCHEUR ASSOC;1500.0
Fonctionnement;54705;LES VAGABONDS FRANCIS AZEMA ASSOC;6300.0
Fonctionnement;23507;CLUB DU 3E AGE ST MARTIN DU TOUCH;1000.0
Fonctionnement;15143;LALA FARCETTE ASSOC;3600.0
Fonctionnement;21544;RACING CLUB MONTANE DE TOULOUSE ASSOC;5525.0
Fonctionnement;11188;FOLIES FORMATION LOCALE ET INTERNATIONALE A L ECO SOLIDAIRE ASSOC;85000.0
Fonctionnement;1430;AN NA COMPAGNIE ASSOC;1000.0
Fonctionnement;63356;CHORALES DE MIDI PYRENEES ASSOC;2000.0
Fonctionnement;25684;FAMILLES DE TRAUMATISES CRANIENS;1000.0
Fonctionnement;74958;MIRABILI ART ASSOC;1800.0
Fonctionnement;44689;LE FIL ASSOC;2000.0
Fonctionnement;24182;SOS FAMILLES EMMAUS ASSOC;2600.0
Fonctionnement;11400;SYNDICAT FGTA FO;2557.19
Fonctionnement;46931;ASSOSCIENCES MIDI-PYRENEES ASSOC;3400.0
Fonctionnement;23704;THEATRE LE VENT DES SIGNES ASSOC;52000.0
Fonctionnement;12636;GESTION DES ACTIVITES AU GRAND SELVE ASSOC;171405.01
Fonctionnement;67151;BABY NOVARS ASSOC;701712.0
Fonctionnement;47296;EUROPEENNE DU FILM D ANIMATION CARTOON ASSOC;25000.0
Fonctionnement;6759;CIRASTI MIDI PYRENEES ASSOC;9000.0
Fonctionnement;24401;STADE TOULOUSAIN SECTION TENNIS ASSOC;66381.0
Fonctionnement;18567;LES MUSICOPHAGES ASSOC;25000.0
Fonctionnement;6741;CINEMA ABC;42000.0
Fonctionnement;47892;EL ISLAH ASSOC;400.0
Fonctionnement;45784;CLUB DU TEMPS LIBRE QUARTIER NORD ASSOC;1200.0
Fonctionnement;8425;DEFENSE DE FER;3740.0
Fonctionnement;7800;COMITE QUARTIER CROIX DE PIERRE;1500.0
Fonctionnement;297;ACT FORMATION ASSOC;2000.0
Fonctionnement;41418;LA GRAINERIE ASSOC;42900.0
Fonctionnement;21778;RELAIS ENFANTS PARENTS MP ASSOC;9180.0
Fonctionnement;69203;LES ATELIERS DU MONDE ASSOC;10650.0
Fonctionnement;19256;ONIE LE GENIE ASSOC;2500.0
Fonctionnement;24822;THEATRE TALHERS PRODUCTION ASSOC;4500.0
Fonctionnement;54919;TOULOUSE UNIVERSITE CLUB RUGBY ASSOC;26100.0
Fonctionnement;7837;CRSU COMITE REGIONAL SPORT UNIVERSITAIRE;10000.0
Fonctionnement;25639;LE TRAIT BLEU ASSOC;5400.0
Fonctionnement;2723;UNION SPORTIVE DE BAGATELLE ASSOC;22000.0
Fonctionnement;14303;JMF JEUNESSES MUSICALES FRANCE DELEGATION DE TOULOUSE ASSOC;5320.0
Fonctionnement;330;ADDICT ASSOC;3600.0
Fonctionnement;51578;AVENIR SANTE ASSOC;34200.0
Fonctionnement;1926;Y ARRIVAREM ASSOC;700.0
Fonctionnement;74849;4 LAW DE DENT;650.0
Fonctionnement;65455;RAIEMANTA COMPAGNIE ASSOC;2000.0
Fonctionnement;42542;L ETOILE DE BELFORT ASSOC;2000.0
Fonctionnement;25848;TV BRUITS ASSOC;2650.0
Fonctionnement;6246;SYNDICAT CGT FONCTION ACTIFS ET RETRAITES MAIRIE DE TOULOUSE;2776.95
Fonctionnement;35734;INSA TOULOUSE;4000.0
Fonctionnement;499;FESTIVAL INTERN CINEMA ET HISTOIRE ASSOC;78000.0
Fonctionnement;18007;MJC ROGUET MAISON JEUNES CULTURE ASSOC;42500.0
Fonctionnement;59736;LES P TITS LOUPS DE MONTBLANC ASSOC;258086.0
Fonctionnement;188;CRECHE ACCUEIL DU GRAND ROND;103355.2
Fonctionnement;20235;CRECHE LES PETITS GALOPINS ASSOC;93236.0
Fonctionnement;23051;SAVIM SERVICE AIDE AUX VICTIMES D INFORMATION DE MEDIATION ASSOC;234385.0
Fonctionnement;19865;PLANETE SCIENCES MIDI PYRENEES ASSOC;33500.0
Fonctionnement;6722;CIMADE DE TOULOUSE GROUPE LOCAL;24300.0
Fonctionnement;23917;SOCRATE ASSOC;9000.0
Fonctionnement;25399;TOAC TOULOUSE OLYMPIQUE AEROSPATIALE CLUB ASSOC;72490.0
Fonctionnement;52359;INCITU ASSOC;2500.0
Fonctionnement;24355;SPIRALE ASSOC;24680.2
Fonctionnement;14273;JEUNE ENTENTE TOULOUSAINE ASSOC;17400.0
Fonctionnement;18705;NATURE MIDI PYRENEES ASSOC;12000.0
Fonctionnement;19748;ECOLE DES PARENTS ET EDUCATEURS;27464.08
Fonctionnement;845;ALCHIMIE DU JEU ASSOC;18000.0
Investissement;51335;LOFT ONE;4172.0
Fonctionnement;19092;RADIO OCCITANIA ASSOC;4000.0
Fonctionnement;25764;TUC TRIATHLON ASSOC;7700.0
Fonctionnement;52011;INATTENDUE S ASSOC;1000.0
Fonctionnement;14723;KLAKSON ASSOC;7500.0
Fonctionnement;74815;HISTOIRE DE L ORDRE DE SAINT DOMINIQUE EN FRANCE ET EUROPE ASSOC;6000.0
Fonctionnement;7214;COMPAGNIE MONSIEUR MADAME;1500.0
Fonctionnement;46704;FILM RECHERCHE DEVELOPPEMENT DURABLE;6000.0
Fonctionnement;76427;PROMOUVOIR LES ARTS EN SYNERGIE AVEC LES MUSIQUES ACTUELLES ASSOC;1600.0
Fonctionnement;39725;RFTM RECETTE DES FINANCES TOULOUSE MUNICIPALE;316451.0
Fonctionnement;15480;COLLEGE TOULOUSE LAUTREC;6665.0
Investissement;23834;SM LES ABATTOIRS;97500.0
Fonctionnement;62107;TMB TOULOUSE METROPOLE BASKET SAS;609000.0
Fonctionnement;16333;CRECHE LES PTITS LOUPS;179300.0
Fonctionnement;959;ALLIANCES ET CULTURES ASSOC;500904.18
Fonctionnement;20349;PIANO AUX JACOBINS ASSOC;70000.0
Fonctionnement;6142;CERCLE LAIQUE ERNEST RENAN ASSOC;128098.55
Fonctionnement;7611;COLLECTIF AEPS COURREGE ASSOC;199922.94
Fonctionnement;7804;CROIX ROUGE FRANCAISE ASSOC;140413.8
Fonctionnement;1225;CLUB AMITIES LOISIRS AINES PONT DES DEMOISELLES;750.0
Fonctionnement;46995;FOYER 3IEME AGE EMPALOT DASTE;800.0
Fonctionnement;68735;EN ATTENDANT LES ELEPHANTS;3500.0
Fonctionnement;25141;CYCLO CLUB LARDENNE SUD;500.0
Fonctionnement;179;ACCOMIP ASSOC;25000.0
Fonctionnement;7728;CREATURE ASSOC;8600.0
Fonctionnement;4702;TOULOUSE B BOYING CLUB ASSOC;4800.0
Fonctionnement;14070;SOCIO EDUCATIVE DES QUARTIERS NORD ASSOC;24650.0
Fonctionnement;1415;ANIMATION BAS D IMMEUBLES ASSOC;110782.5
Fonctionnement;39260;LES PETITS DEBROUILLARDS MIDI PY ASSOC;47000.0
Fonctionnement;24678;O COMME 3 MOMES;289817.28
Fonctionnement;5457;CRECHE LE CAPPE;132704.0
Fonctionnement;18002;MJC CROIX DAURADE ASSOC;106300.0
Investissement;16840;MAPCU MOUVEMENT ASSOC POUR LES CULTURES URBAINES ASSOC;16000.0
Fonctionnement;43200;AMICALE NATIONALE DES ANCIENS ET ANCIENS COMBATTANTS DU GRAND 14 ASSOC;270.0
Fonctionnement;54650;CRESUS TOULOUSE;500.0
Fonctionnement;21888;RESTAURANT DU COEUR LES RELAIS DU COEUR ASSOC;10000.0
Fonctionnement;47881;CLUB DES VIOLETTES DE LALANDE;800.0
Fonctionnement;46983;AMPAR 31 ASS MIDI-PYRENEES DES ARTISANS RETRAITES ASSOC;620.0
Fonctionnement;46986;CLUB SAINT AGNE DU 3IEME AGE;600.0
Fonctionnement;7691;CONSEIL REPRESENTATIF ASS NOIRES MIDI PYRENEES CRAN;11000.0
Fonctionnement;66056;MIRAILLEMENT GRAND ASSOC;400.0
Fonctionnement;2102;SPORTIVE GYMNASTE CULTURISME IZARDS ASSOC;4400.0
Fonctionnement;17443;MEDIA  PITCHOUNES ASSOC;6800.0
Fonctionnement;10057;ENTREZ SANS FRAPPER;3000.0
Fonctionnement;11598;FRMJC FEDERATION REGIONALE MJC;112084.0
Fonctionnement;76587;APARTE - SCIENCES PO TOULOUSE ASSOC;619.0
Fonctionnement;21123;PSYCHOLOGUES DU MONDE ASSOC;6000.0
Fonctionnement;21936;REYNERIE SERVICES ASSOC;40400.0
Fonctionnement;51556;FA SOL MI LA FABRIQUE SOLIDAIRE DES MINIMES MAISON DES CHOMEURS ASSOC;22600.0
Fonctionnement;7205;LA PETITE ASSOC;29700.0
Fonctionnement;49641;PRISES RAPIDES ASSOC;3000.0
Fonctionnement;13946;INTERNOTES ASSOC;5000.0
Fonctionnement;26192;LES PRODUCTIONS DU VENDREDI ASSOC;9500.0
Fonctionnement;45742;L AIRE DES MOTS ASSOC;1400.0
Fonctionnement;73679;MIEUX ENSEMBLE ASSOC;1000.0
Fonctionnement;267;COLLECTIF URGENCE D ACTEURS CULTURELS;22500.0
Fonctionnement;7758;CRESS CHAMBRE REG ECONOMIE SOCIALE ET SOLIDAIRE ASSOC;5500.0
Fonctionnement;46370;UNIVERSITE TOULOUSE 2 TOULOUSE LE MIRAIL;34500.0
Fonctionnement;7487;COSAT COMITE OEUVRE SOCIALE AGENTS DE LA VILLE DE TOULOUSE;3424798.67
Fonctionnement;10668;CRECHE PARENTALE LA FARANDOLE;73216.0
Fonctionnement;21264;LA QUADRATURE DU CERCLE CERCLE DES CULOTTES COURTES ASSOC;280573.3
Fonctionnement;19484;CLAE DES OUSTALOUS ASSOC;139755.0
Fonctionnement;15955;CLAE ARMAND LEYGUES ASSOC;157760.74
Fonctionnement;20835;ASSOC ECOLE PUBLIQUE POUVOURVILLE;99946.0
Fonctionnement;5720;CLUB CASSELARDIT FONTAINES;450.0
Fonctionnement;21199;PUPILLES ENSEIGNEMENT PUBLIC ASSOC;62500.0
Fonctionnement;5829;LILI CATHARSIS ASSOC;6300.0
Fonctionnement;725;LES AIRS SOLIDAIRES ASSOC;800.0
Fonctionnement;21025;PROGRESSIVE PAROLE ASSOC;6300.0
Fonctionnement;54514;FONDATION D AUTEUIL FA LAEP D EMPALOT;28876.63
Fonctionnement;61655;URAVF UNION REGIONALE DES AVF DE MIDI PYRENEES ASSOC;900.0
Fonctionnement;14213;UN PAVE DANS LE JAZZ ASSOC;10000.0
Fonctionnement;21439;ACCUEIL LOISIRS RANDO ASSOC;600.0
Fonctionnement;26306;VEUVES ET  VEUFS DE  HAUTE GARONNE ASSOC;1000.0
Fonctionnement;17527;TOULOUSE MELODIE FRANCAISE ASSOC;10800.0
Fonctionnement;4148;LA BOITE A OUTILS ASSOC;1000.0
Fonctionnement;75031;ENTREE DE SECOURS ASSOC;1000.0
Fonctionnement;46014;INSUFFISANTS RENAUX DE TOULOUSE ET MIDI PYRENEES ASSOC;500.0
Fonctionnement;26822;YAKA POUCHKA ASSOC;2494.0
Fonctionnement;5293;CAMOM ASSOC;4500.0
Investissement;25514;LES TOULOUSAINS DE TOULOUSE ET AMIS DU VIEUX TOULOUSE ASSOC;5000.0
Fonctionnement;2227;ATD QUART MONDE ASSOC;1000.0
Fonctionnement;47123;COMPAGNIE MOLISETTI ASSOC;2448.0
Fonctionnement;6221;UNION DEP SYND CFTC DE HAUTE GARONNE;300.0
Fonctionnement;10520;LES EXPLORATEURS ASSOC;125512.0
Fonctionnement;26597;VOIR ET COMPRENDRE ASSOC;265893.0
Fonctionnement;20872;EDUCATION NOUVELLE LA PRAIRIE MERCREDIS NON CONFORMES;142714.0
Fonctionnement;73115;SCULPTURES CLAUDE NOUGARO;4600.0
Fonctionnement;23050;PROTECTION ENFANCE ET ADOLESCENCE ASSOC;8800.0
Fonctionnement;21571;REBONDS ASSOC;30000.0
Fonctionnement;46212;FOYER ANCIENS SOUPETARD JUNCASSE SERVEYROLLES;800.0
Fonctionnement;45747;FOYER 3IEME AGE BONNEFOY LAPUJADE;800.0
Fonctionnement;46199;CLUB 3IEME AGE COLONNE MARENGO;1500.0
Fonctionnement;19851;AIDE A L EMPLOI LA PASSERELLE ASSOC;15000.0
Fonctionnement;63317;LES ARTS EN BALADE A TOULOUSE ASSOC;2500.0
Fonctionnement;4145;BOIS ET CIE ASSOC;57000.0
Fonctionnement;8902;MAISON DU DIABETE ET DE LA SANTE ASSOC;1000.0
Fonctionnement;62326;TOULOUSE METROPOLE FUTSAL ASSOC;700.0
Fonctionnement;14569;KARAVAN;18200.0
Fonctionnement;46979;HOMODONNEUR ASSOC;1500.0
Fonctionnement;17673;CIE MESSIEURS MESDAMES;10000.0
Investissement;26346;AGENCE VIA IMMOBILIER;3622.77
Fonctionnement;1479;ANTIPHONA ASSOC;4500.0
Fonctionnement;20554;ENSEMBLE A PLECTRE DE TOULOUSE ASSOC;1000.0
Fonctionnement;74568;DOCKS FILM;1000.0
Fonctionnement;56767;CREO 31;4500.0
Fonctionnement;3954;BIZ ART POPULAIRE ASSOC;22500.0
Fonctionnement;19710;SANS PARADIS FIXE ASSOC;1800.0
Fonctionnement;62998;AGENCE UNIVERSITAIRE DE LA FRANCOPHONIE ASSOC;5000.0
Fonctionnement;70055;JEUNE CHAMBRE ECONOMIQUE DE TOULOUSE ASSOC;1500.0
Fonctionnement;25644;LA TRAME ASSOC;11850.0
Fonctionnement;47538;LA COMPAGNIE DU RA DIT BLEU ASSOC;5000.0
Investissement;2795;BBB CENTRE D ART ASSOC;1000.0
Fonctionnement;45682;JEUNES HANDICAPAES ASSOC;9000.0
Fonctionnement;8091;ADT PAROISSE NOTRE DAME DALBADE ASSOC;623.15
Fonctionnement;62580;SPUTNIK ASSOC;2200.0
Fonctionnement;68601;DISCO SOUPE ASSOC;380.0
Fonctionnement;1712;ECOLE ARCHITECTURE DE TOULOUSE;3500.0
Fonctionnement;25398;TOAC TUC VOLLEY BALL ASSOC;678600.0
Fonctionnement;24718;TOULOUSE NAT SYNCHRO ASSOC;17400.0
Fonctionnement;8284;DAUPHINS DU TOEC ASSOC;228000.0
Fonctionnement;16936;CRECHE PARENTALE MARIE L EAU;72047.04
Fonctionnement;11010;THEATRE LE FIL A PLOMB ASSOC;46000.0
Fonctionnement;25363;TITIEN GOYA FOOTBALL ASSOC;13000.0
Fonctionnement;6122;CENTRE TECHNIQUE REGIONAL CONSOMMATION ASSOC;4500.0
Fonctionnement;21780;INTER RELAIS  ASSOC;15000.0
Fonctionnement;21618;ASSOCIATION REFLET;28750.0
Investissement;25191;THEATRE GARONNE ASSOC;46002.0
Fonctionnement;947;ALLEE  CLAE PATTE D OIE LAIQUE LOISIRS EDUC ENFANTS ASSOC;259009.5
Fonctionnement;4981;AMICALE LAIQUE BUFFON ASSOC;266471.0
Fonctionnement;9963;EMPALOT SERVICES PLUS REGIE DE QUARTIER;105400.0
Fonctionnement;13108;SPORTIVE DES HANDI TOULOUSAINS;1305.0
Fonctionnement;45748;CLUB DES AINES DE CROIX DAURADE;950.0
Fonctionnement;14270;JEUNESSE ACTION LOISIRS ASSOC;92474.0
Fonctionnement;14713;KIRIKOU EVENEMENT;6500.0
Fonctionnement;3355;ROSERAIE ASSOC;900.0
Investissement;72556;ACANTYS IMMOBILIER;2149.42
Fonctionnement;21908;RESTER VIVRE AUX ARENES ROMAINES ASSOC;1300.0
Fonctionnement;16651;MAIN TENDUE 31 ASSOC;4000.0
Fonctionnement;21050;APIHMS PROMO  DES INTELLECTUELS HANDICAPES MOTEURS OU SENSORIELS ASSOC;700.0
Fonctionnement;24180;SOS AMITIE MIDI PYRENEES ASSOC;3600.0
Fonctionnement;5686;LA CASE DE SANTE ASSOC;25000.0
Fonctionnement;16057;LIGUE SPORT ADAPTE FFSA MIDI PYRENEES ASSOC;600.0
Fonctionnement;11408;FRACTAL ASSOC;2700.0
Fonctionnement;7456;LE CORNET A DES ASSOC;6000.0
Investissement;60611;3IT;2778.65
Fonctionnement;24402;STADE TOULOUSAIN SECT  NATATION ASSOC;17500.0
Fonctionnement;46952;COLLECTIF JOB ASSOC;1500.0
Fonctionnement;37067;PAROLE EXPRESSION ASSOC;32255.0
Fonctionnement;11070;FITE FESTIVAL INTERNATIONAL THEATRE ENFANTS ET JEUNES;13500.0
Fonctionnement;73979;TRIATHLON TOULOUSE METROPOLE ASSOC;5000.0
Fonctionnement;18962;NE PERDONS PAS LE NORD ASSOC;450.0
Fonctionnement;75801;ASSOC COMITE DEPARTEMENTAL HANDISPORT 31;1700.0
Fonctionnement;12576;JUSTE UN AVANT GOUT ASSOC;2000.0
Fonctionnement;3226;DES ETUDIANTS DE L ISDAT ASSOC;3500.0
Fonctionnement;76398;ASSOCIATION GESTION D ALTERNATIBA TOULOUSE ASSOC;8000.0
Fonctionnement;567;AGIR ET DEVENIR ASSOC;4200.0
Fonctionnement;65470;TERR EAU CIEL ASSOC;5000.0
Fonctionnement;81465;SYNDICAT AUTONOME LE GOURDIN FA FPT;756.23
Fonctionnement;76585;CENTRE CULTUREL FRANCO-NIGERIEN;10411.6
Fonctionnement;25161;TFC TOULOUSE FOOTBALL CLUB SASP;1000000.0
Fonctionnement;2502;AVANT MARDI ASSOC;57900.0
Fonctionnement;8850;DETOURS DE CHANT ASSOC;13500.0
Fonctionnement;6000;CENTRE DE DEVELOPPEMENT CHOREGRAPHIQUE TOULOUSAIN ASSOC;333000.0
Fonctionnement;45667;LA COMPAGNIE ASSOC;19360.0
Fonctionnement;24032;1 2 3 SOLEIL CLAE ASSOC;458747.56
Fonctionnement;20898;CRECHE PARENTALE PREMIERS PAS SUR LA TERRASSE;105337.0
Fonctionnement;9694;ECOLE DES DROITS DE L HOMME ASSOC;19000.0
Fonctionnement;2545;TOULOUSE AVIRON  SPORTS LOISIR ASSOC;67660.0
Fonctionnement;63327;BULLES D ANGE ASSOC;44304.2
Fonctionnement;10580;FACE GRAND TOULOUSE  ASSOC;55000.0
Fonctionnement;46204;CLUB OLIVIER;830.0
Fonctionnement;46226;VACANCES FAMILLES 31 L ACCUEIL EN PLUS ASSOC;3000.0
Fonctionnement;62117;ART MANIAK ASSOC;4500.0
Fonctionnement;4669;ECOLE DE BOWLING DES JEUNES DE TOULOUSE;870.0
Fonctionnement;74669;LA CANDELA ASSOC;400.0
Fonctionnement;1537;ASS POUR LA PROMOTION CULTURE ET ARTS;38470.0
Fonctionnement;75221;COLLECTIF EIA ASSOC;2700.0
Fonctionnement;19314;BLEUE COMME UNE ORANGE ASSOC;6500.0
Fonctionnement;20534;PLAN 9 ASSOC;55056.0
Fonctionnement;21444;RANGUEIL FOOTBALL CLUB ASSOC;9570.0
Fonctionnement;22995;SATUC STADE ATHLETIC TOULOUSE UNIVERSITE CLUB ASSOC;51000.0
Fonctionnement;51053;CAP NOMADE ASSOC;11650.0
Fonctionnement;8574;DELIRES D ENCRE ASSOC;10303.0
Fonctionnement;13122;HAPPYCULTURE ASSOC;2250.0
Fonctionnement;7004;COCAGNE ACEPP 31;3500.0
Fonctionnement;74420;ASSO POUR ANIMATION MATHEMATIQUE;1000.0
Investissement;79494;TRANSPORTS SENGES CS32 SARL;6000.0
Fonctionnement;64639;LES AMIS DE LA BULLE CARREE ASSOC;3000.0
Fonctionnement;50471;LES IMAGINATIONS FERTILES SRL;10000.0
Fonctionnement;31109;TRESORERIE DE TOULOUSE CHU;158526.12
Fonctionnement;26135;COLLEGE VAUQUELIN;7580.0
Fonctionnement;37634;COMMUNE DE GRATENTOUR;50000.0
Fonctionnement;20593;POINT SCENE ASSOC;22500.0
Fonctionnement;2816;CRECHE LE BALLON;160160.0
Fonctionnement;9861;LES ELEMENTS ENSEMBLE VOCAL ASSOC;95000.0
Fonctionnement;25071;TENDRES CALINS ASSOC;80909.52
Fonctionnement;22357;ROTATION ASSOC;45000.0
Fonctionnement;2728;BAGDAM ESPACE LESBIEN ASSOC;13400.0
Fonctionnement;46200;INTERCLUBS CONCORDE 3IEME AGE;450.0
Fonctionnement;699;CLUB DES AINES DES PRADETTES;550.0
Fonctionnement;4672;BOXING CLUB TOULOUSAIN ASSOC;7400.0
Fonctionnement;20638;LA SEMAINE POLONAISE DE TOULOUSE ASSOC;2700.0
Fonctionnement;5700;CASIT COMITE ACTION SOCIALE ISRAELITE DE TOULOUSE ASSOC;10000.0
Fonctionnement;19491;L OUTIL EN MAIN ASSOC;1000.0
Fonctionnement;74914;DEFENSE INTERET CITOYENS EUROPEENS ASSOC;400.0
Fonctionnement;20975;PRISM POUR LA RECHERCHE ET INFO SOCIALE ET MEDICALE ASSOC;13000.0
Fonctionnement;21353;FOOTBALL CLUB BONNEFOY ASSOC;17000.0
Fonctionnement;19485;ANVP  OUSTAL ASSOC;9000.0
Fonctionnement;78433;FONDATION DES ARCHITECTES DE L URGENCE;3500.0
Fonctionnement;51051;ANIMACAO ASSOC;4000.0
Fonctionnement;25861;UCJG UNION CHRET JEUNES GENS ROBERT MONNIER ASSOC;20000.0
Fonctionnement;80915;CUBITENISTE AHA ASSOC;4800.0
Fonctionnement;15388;LASTIKO ASSOC;14500.0
Fonctionnement;19120;OCT ORCHESTRE CHAMBRE TOULOUSE SARL;200000.0
Fonctionnement;17998;MIXARTS MYRYS ASSOC;35500.0
Fonctionnement;18559;LES ATELIERS MUSICAUX ASSOC;47200.0
Fonctionnement;16200;LOHENGRIN ASSOC;29700.0
Fonctionnement;19926;CRECHE PAUSE CALIN PROJET PETIT A PETIT ASSOC;221080.0
Fonctionnement;1588;APSAR ANIMATION PREVENTION SOCIAL AMOUROUX ASSOC;342028.56
Fonctionnement;55062;LES AMIS DE JEAN JAURES A TOULOUSE ASSOC;5000.0
Fonctionnement;19886;TOULOUSE CLUB PATINAGE ME CARLES ASSOC;2610.0
Fonctionnement;11164;FNAR;270.0
Fonctionnement;73733;MUSIQUE PROMOTION CREW ASSOC;1800.0
Fonctionnement;16671;MAISON DES ECHECS TOULOUSE LARDENNE ASSOC;450.0
Fonctionnement;45752;CLUB 3IEME AGE CROIX DE PIERRE;650.0
Fonctionnement;25918;UNIES POUR  REUSSIR EMPALOT ASSOC;14900.0
Fonctionnement;65222;AFRICLAP ASSOC;1000.0
Fonctionnement;49660;VIVRE LE CANAL ASSOC;2000.0
Fonctionnement;25869;UFAC UNION FRANCAISE DES COMBATTANTS ASSOC;745.0
Fonctionnement;67485;MAISON DE QUARTIER BAGATELLE ASSOC;2500.0
Fonctionnement;47322;TOULOUSE HANDBALL SASP;870000.0
Fonctionnement;40094;DELL ARTE ASSOC;95000.0
Fonctionnement;16798;MANIFESTE ASSOC;14400.0
Fonctionnement;25906;GROUPE UNBER HUMBER ASSOC;11500.0
Fonctionnement;27642;CENTRE ACTIVITE ANATOLE FRANCE ASSOC;218926.0
Fonctionnement;9997;LES ENFANTS TERRIBLES ASSOC;161012.0
Fonctionnement;2484;AUXILIA ASSOC;800.0
Fonctionnement;10373;ETRE MOBILE C EST PERMIS;15000.0
Fonctionnement;77454;LIEU DE VIE FAOURETTE ASSOCIATION;10500.0
Fonctionnement;6206;COMITE  FETES  CROIX DAURADE;2000.0
Fonctionnement;7770;CRICAO;20300.0
Fonctionnement;64431;ACTION POUR LES ORPHELINS ROUMAINS ASSOC;150.0
Fonctionnement;77464;IMPACT;5000.0
Fonctionnement;11165;FNATH HTE GARONNE GRPT DEP ATH HTE GARONNE;2000.0
Fonctionnement;7776;CRIJ CENTRE REGIONAL INFORMATION JEUNESSE;152500.0
Fonctionnement;13077;TOULOUSE HALTERO CLUB ASSOC;1130.0
Fonctionnement;1694;SOC ARCHEOLOGIQUE DU MIDI DE LA FRANCE ASSOC;3000.0
Investissement;9146;DOMICIMM SARL;9815.54
Fonctionnement;55863;COMPAGNIE D ELLES ASSOC;1500.0
Fonctionnement;47899;TEC RUGBY ASSOC;9570.0
Fonctionnement;2025;ARTO ASS RAMONVILLE THEATRE OUVERT ASSOC;15300.0
Fonctionnement;10188;TUC SECTION ESCRIME TOULOUSE UNIVERSITE CLUB ASSOC;7830.0
Fonctionnement;44380;LA PETANQUE HERACLES ASSOC;700.0
Fonctionnement;20377;INSTITUT PICOT DE LAPEYROUSE ASSOC;9000.0
Fonctionnement;13889;ITINERAIRE INTERNATIONAL ASSOC;15000.0
Fonctionnement;21617;REFLETS ASSOC;19300.0
Fonctionnement;44227;COMITE DE JUMELAGE TOULOUSE-ATLANTA;3000.0
Fonctionnement;1226;GROUPE AMITIE FRATERNITE ASSOC;8000.0
Fonctionnement;72084;COLLECTIF ASSOCIATIONS ST MARTIN DU TOUCH ASSOC;1000.0
Fonctionnement;56137;OPEP ORGANISATION POUR L EMPLOI PARTAGE ASSOC;8000.0
Fonctionnement;24477;COLLEGE STENDHAL;5320.0
Fonctionnement;3235;COLLEGE BECANNE MAURICE;5810.0
Fonctionnement;6289;DES CHALETS HLM SA;25000.0
Fonctionnement;22624;LES SACQUEBOUTIERS ASSOC;60000.0
Fonctionnement;18005;MAISON POUR TOUS MJC ANCELY ASSOC;54731.75
Fonctionnement;7914;CENTRE CULTUREL FJEP MINIMES ASSOC;63300.0
Fonctionnement;62234;DU MAY ASSOC;225634.4
Fonctionnement;37943;MISSION LOCALE ASSOCIATION SIEGE ASSOC;959672.0
Fonctionnement;25192;THEATRE DU PAVE ASSOC;199500.0
Fonctionnement;10660;SPORTIVE DE LA FAOURETTE ASSOC;23800.0
Fonctionnement;46992;CLUB 3IEME AGE COLOMBETTE SAINT AUBIN;400.0
Fonctionnement;47882;CLUB 3IEME AGE LES AINES DE LA DAURADE;550.0
Fonctionnement;40103;CLAP MIDI PYRENEES - CRLAPP;39000.0
Investissement;7201;COMPAGNIE 111;17500.0
Fonctionnement;1942;ART DU CIRQUE DES PRADETTES ASSOC;720.0
Fonctionnement;42557;INCORPOREL ASSOC;1000.0
Fonctionnement;11081;FJEP JUDO RANGUEIL;870.0
Fonctionnement;16110;LIRE ET FAIRE LIRE 31 ASSOC;16250.0
Fonctionnement;14436;TOULOUSE JUDO ASSOC;38250.0
Fonctionnement;9606;CAISSA ASSOC;500.0
Fonctionnement;295;ACT UP SUD OUEST ASSOC;27400.0
Fonctionnement;24913;THEATRE TATTOO ASSOC;31500.0
Fonctionnement;11187;THEATRE FOLAVRIL ASSOC;2250.0
Fonctionnement;24770;TOULOUSE ATHLETIC CLUB NATATION CZ MORVAN LAURENCE ASSOC;5220.0
Fonctionnement;22273;TOULOUSE ROLLER HOCKEY CLUB ASSOC;7000.0
Fonctionnement;25408;LA TOILE BLANCHE ASSOC;24000.0
Fonctionnement;74189;KABYLE DE TOULOUSE ASSOC;3000.0
Fonctionnement;54709;FIL ROUGE ASSOC;7500.0
Fonctionnement;68623;LABORATEURS PEPINERE D ARTISTES ASSOC;7200.0
Fonctionnement;40916;ACADEMIE AIR ET ESPACE ASSOC;76500.0
Investissement;21199;PUPILLES ENSEIGNEMENT PUBLIC ASSOC;300000.0
Fonctionnement;2854;BANQUE ALIMENTAIRE TOULOUSE ET SA REGION ASSOC;33000.0
Fonctionnement;25910;CLUB UNESCO MIDI PYRENEES;1500.0
Fonctionnement;402;ADOT31  DON ORGANES TISSUS HUMAINS ASSOC;500.0
Fonctionnement;7368;CONTRE COURANT;7000.0
Fonctionnement;81020;ASSOCIATION DES ARENES ST CYPRIEN;700.0
Fonctionnement;6220;UNION REGIONALE CFTC MIDI PYRENEES;649.11
Fonctionnement;5985;CHAMBRE COMMERCE INDUSTRIE DE TOULOUSE;83155.0
Fonctionnement;34662;TOULOUSE IRON CLUB;34800.0
Fonctionnement;23160;SCIENCE ANIMATION MIDI PYRENEES ASSOC;54000.0
Fonctionnement;13740;FRANCO IMAZIGHEN KABYLIE AFRIKA 31;8500.0
Fonctionnement;19342;TOULOUSE LES ORGUES ASSOC;372600.0
Fonctionnement;2292;ATOLL LOISIRS FRANCE ASSOC;218141.28
Fonctionnement;1317;NEGRENEYS CURIE ASSOC;20150.0
Fonctionnement;11254;FOOTBALL CLUB TOAC TOEC RUGBY;111000.0
Fonctionnement;1250;CLUB INTER AGE ROSERAIE AMOUROUX;800.0
Investissement;6243;CGPI SOGAB SARL;5714.0
Fonctionnement;24281;SOURIRES D ENFANTS ASSOC;500.0
Fonctionnement;9423;COMPAGNIE NELSON DUMONT;36000.0
Fonctionnement;2195;SPORTIVE TOULOUSE MIRAIL BADMINTON ASSOC;700.0
Fonctionnement;22989;VIVRE AU SATIE ASSOC;6500.0
Fonctionnement;13300;COMITE DEFENSE QUARTIERS HERS;500.0
Fonctionnement;19880;PATCH WORK ASSOC;7760.0
Fonctionnement;79531;ASSOCIATION ALTERNATIF;19000.0
Fonctionnement;19541;SOLIHA HAUTE GARONNE;136399.84
Fonctionnement;20998;PRODUCTION DIFFUSION POUR LA JEUNESSE ASSOC;4200.0
Fonctionnement;20325;STE TOULOUSAINE DE PHILOSOPHIE ASSOC;1000.0
Fonctionnement;64499;NOTE ONLY ASSOC;1500.0
Fonctionnement;9952;EMETTEUR COMPAGNIE;4500.0
Fonctionnement;7565;MILLE ET UNE COULEURS ASSOC;3800.0
Fonctionnement;857;ALEF PRODUCTIONS ASSOC;2000.0
Fonctionnement;2033;ART REVES ACTION ARA ASSOC;4500.0
Fonctionnement;65676;LE STUDIO FRANCAIS ASSOC;1500.0
Fonctionnement;14446;UNION SPORTIVE TLSE JULES JULIEN XIII ASSOC;6800.0
Fonctionnement;9154;DOMINO;2000.0
Fonctionnement;25904;UNAFAM SECTION HTE GARONNE ASSOC;1400.0
Fonctionnement;55817;TOULOUSE METROPOLE PALMES ASSOC;4350.0
Fonctionnement;19477;LES OURS TOULOUSE FOOTBALL AMERICAIN ASSOC;17400.0
Fonctionnement;16450;THEATRE  LUTIN ASSOC;13500.0
Fonctionnement;3833;BOULES IZARDS CLUB ASSOC;1000.0
Fonctionnement;1443;NAT POUR INTEGRATION HANDICAPES MOTEURS ASSOC;350.0
Fonctionnement;2147;INSTITUT DE RECHERCHE ET D INNOVATION EN LANGUES DES SIGNES ASSOC;500.0
Fonctionnement;74956;DIABETIQUES DE MIDI PYRENEES ASSOC;1000.0
Fonctionnement;2553;AVOCATS SANS FRONTIERES ASSOC;9000.0
Fonctionnement;14151;CRECHE LE JARDIN ENCHANTE;90575.68
Fonctionnement;11952;GASEL GUILLAUMET SPORTS ET LOISIRS ASSOC;174393.65
Fonctionnement;15146;CRECHE LALANDOUNETTE HALTE GARDERIE;52921.0
Fonctionnement;660;AIDONS NOUS ASSOC;2000.0
Fonctionnement;20836;UNION SPORTIVE POUVOURVILLE ASSOC;12750.0
Fonctionnement;23788;SI T LIBRE ASSOC;57036.0
Fonctionnement;16224;LOISIRS EDUCATION ET CITOYENNETE GRAND SUD ASSOC;15946.0
Fonctionnement;21125;SOS SURDUS ASSOC;500.0
Fonctionnement;5444;CAP JEUNES 31 ASSOC;2500.0
Fonctionnement;11649;FUTSAL BELLEFONTAINE ASSOC;3000.0
Fonctionnement;14836;AYME KUNC ASSOC;3000.0
Fonctionnement;63105;PIXWHALE ASSOC;2000.0
Fonctionnement;47879;CLUB 3IEME AGE JULES JULIEN RANGUEIL;700.0
Fonctionnement;10503;TOULOUSE OVALIE XIII RUGBY ASSOC;6800.0
Fonctionnement;24776;TAC TENNIS DE TABLE ASSOC;4350.0
Fonctionnement;2056;ARTS ET OC ASSOC;2900.0
Fonctionnement;50542;LES PETITS CHANTEURS A LA CROIX POTENCEE DE TOULOUSE ASSOC;500.0
Fonctionnement;26563;VIVRE ENSEMBLE ASSOC;379274.0
Fonctionnement;17777;COMITE DE QUARTIER ST MICHEL;1120.0
Fonctionnement;14608;K DANSE;22500.0
Fonctionnement;18006;MJC PONT DES DEMOISELLES ASSOC;72350.0
Fonctionnement;11815;GAN RACHI ASSOC;108039.36
Fonctionnement;46206;EUROPEAN AEROSTUDENT GAMES EAG;800.0
Fonctionnement;16507;LOISIRS ENFANTS JEAN MACE ASSOC;379707.0
Fonctionnement;1412;ANIMAFAC ASSOC;1000.0
Fonctionnement;8256;ASEER ASS SOCIO EDUCATIVE EMPALOT RANGUEIL ASSOC;38000.0
Fonctionnement;11160;FNACA  ANCIENS  COMBATTANTS ALGERIE MAROC TUNISIE;2380.0
Fonctionnement;25537;STADE TOULOUSAIN RUGBY HANDISPORT ASSOC;8100.0
Fonctionnement;47156;AMICALE 3IEME AGE COTE PAVEE ASSOC;650.0
Fonctionnement;3170;BAZAR AU BAZACLE ASSOC;9000.0
Fonctionnement;2209;ASTRO BASKET CLUB ASSOC;8700.0
Investissement;55734;CITYA IMMOBILIER TOULOUSE SARL;4176.54
Fonctionnement;26977;ZO KWE ZO ASSOC;7000.0
Fonctionnement;24782;ECOLE TRADITIONNELLE DE TAEKWONDO ASSOC;8850.0
Fonctionnement;12101;GENEPI GROUPE ETUDE NAT ENSEIG PERS INCARCEREES ASSOC;1000.0
Fonctionnement;11822;GARAGE POUR TOUS ASSOC;27000.0
Fonctionnement;24403;STADE TOULOUSAIN ATHLETISME ASSOC;5000.0
Fonctionnement;7785;MOUVEMENT LE CRI SECTION 31 ASSOC;400.0
Fonctionnement;21023;PROGRES SON ASSOC;4500.0
Fonctionnement;156;ACADEMIE TOULOUSAINE  AMIS DE L ORIENT ASSOC;3000.0
Fonctionnement;77369;MEDI PASS ASSOC;3000.0
Fonctionnement;11217;TOULOUSE FONTAINES CLUB ASSOC;127500.0
Fonctionnement;46203;AMICALE DES AINES DE LAFOURGUETTE ASSOC;1200.0
Fonctionnement;25923;UNION TIR CLUB ASSOC;500.0
Fonctionnement;4484;COMITE BOULISTE DEPT DE LA HAUTE GARONNE;1300.0
Fonctionnement;10389;ETYMON ASSOC;20000.0
Fonctionnement;46029;NEO TOULOUSE FUTSAL ASSOC;1400.0
Fonctionnement;13913;INTERACTIONS ASSOC;10500.0
Fonctionnement;56702;APEC ASS PROMOMOTION D UNE EDUCATION CREATIVE AU SENEGAL ASSOC;1000.0
Fonctionnement;9975;ENAC LEONARD DE VINCI;7200.0
Fonctionnement;2873;EN COMPAGNIE DES BARBARES;3000.0
Fonctionnement;704;AIR AVENTURES ASSOC;5000.0
Fonctionnement;339;ADEC NS ASSOC;1800.0
Fonctionnement;50252;PARTAGEONS LES JARDINS ASSOC;3500.0
Fonctionnement;81239;IZARDS ATTITUDE ASSOC;1900.0
Fonctionnement;18663;COMPAGNIE NANAQUI;6900.0
Fonctionnement;34197;LES VIDEOPHAGES ASSOC;20700.0
Fonctionnement;20712;THEATRE  PONT NEUF ASSOC;33000.0
Fonctionnement;67165;TFHB TOULOUSE FEMININ HANDBALL ASSOC;87000.0
Fonctionnement;15614;LEB LOISIRS EDUCATION BAGATELLE ASSOC;138844.0
Fonctionnement;6112;CENTRE POLYVALENT JEAN RIEUX CRECHE HALTE GARDERIE ASSOC;221843.0
Investissement;74795;50 CINQ ASSOCIATION;9000.0
Fonctionnement;478;FONDATION ETUDIANTE POUR LA VILLE ASSOC;107200.0
Fonctionnement;2015;ARTIVITY ASSOC;13000.0
Fonctionnement;19791;PARLE AVEC ELLES ASSOC;16200.0
Fonctionnement;14325;JOE J OUVRE L OEIL ASSOC;5000.0
Fonctionnement;11646;LES FURIEUSES ASSOC;3600.0
Fonctionnement;1186;AMICALE DES ARMENIENS  TOULOUSE ASSOC;3000.0
Fonctionnement;46930;LES BRUISSONNANTES ASSOC;2000.0
Fonctionnement;584;AGORA ASSOC;30000.0
Fonctionnement;24065;SOLIDARITE BOUCHONS 31 ASSOC;1500.0
Fonctionnement;12728;GREP MIDI PYRENEES ASSOC;10000.0
Fonctionnement;6518;LES CHEMINS BUISSONNIERS ASSOC;11500.0
Fonctionnement;17250;LA COMPAGNIE DU PETIT MATIN ASSOC;7250.0
Fonctionnement;15719;ACADEMIE DE LEGISLATION ASSOC;3000.0
Fonctionnement;6623;CHOEUR FRANCOSLAVE DE TOULOUSE;1350.0
Fonctionnement;74015;QUAI ST PIERRE ASSOC;2000.0
Fonctionnement;5363;CANOE KAYAK TOULOUSAIN ASSOC;6960.0
Fonctionnement;523;AFRO EVENTS ASSOC;5400.0
Fonctionnement;19454;COMPAGNIE DU REVOIR;1000.0
Fonctionnement;52126;NATIONALE LE REFUGE ASSOC;5000.0
Fonctionnement;75584;ASSOC ACTIPHYPSY;1000.0
Fonctionnement;63734;LA COMPAGNIE DE LA TCHATCHE ASSOC;3000.0
Fonctionnement;18610;FRANCAISE CONTRE LES MYOPATHIES;600.0
Fonctionnement;6224;CGC UNION DEPARTEMENTALE CFE;300.0
Fonctionnement;81373;LES VAGABONDS;3000.0
Fonctionnement;58485;ANIM MALICE ASSOC;522631.99
Fonctionnement;9996;ENFANFARE ASSOC;359710.0
Fonctionnement;1321;CRECHE AND DO ASSOC;197200.0
Fonctionnement;24841;FESTIVAL INTERNATIONAL DE TANGO DE TOULOUSE;33300.0
Fonctionnement;68566;LES AMIS DE NOTRE DAME DES ANGES ASSOC;32114.5
Fonctionnement;6706;CENTRE INFORMATION SUR DROITS FEMMES ET FAMILLES HAUTE GARONNE ASSOC;30400.0
Fonctionnement;13107;COMITE REGIONAL MIDI PYRENEES HANDISPORT;4350.0
Fonctionnement;7026;CODEURS LPC 31;1350.0
Fonctionnement;1399;COMPAGNIE ROUGES LES ANGES;11500.0
Fonctionnement;75142;L AUTRE CERCLE MIDI PYRENEES;4100.0
Fonctionnement;80813;ASSOCIATION LE PAVE;1000.0
Fonctionnement;5328;CONFRERIE DU CANARD SAUVAGE THEATRE L ACTE;109800.0
Fonctionnement;18554;EOLE COLLECTIF DE MUSIQUE ACTIVE;33100.0
Fonctionnement;13326;CRECHE LE HIBOU;110240.0
Fonctionnement;7201;COMPAGNIE 111;45000.0
Fonctionnement;20834;COMITE DES SPORTS ET LOISIRS DE POUVOURVILLE;10000.0
Fonctionnement;23369;SEMECCEL CITE DE L ESPACE;4631396.18
Fonctionnement;13417;COLLECTIF D ASSOCIATION LE LIEN ASSOC;66899.0
Fonctionnement;10939;FESTIVAL DEODAT DE SEVERAC;28000.0
Fonctionnement;74711;DIVERS SENIORS;1400.0
Fonctionnement;1554;APIAF PROMOTION INITIATIVE AUTONOMES DES FEMMES ASSOC;28000.0
Fonctionnement;21447;COMITE FETES RANGUEIL SAUZELONG;3000.0
Fonctionnement;5323;CANALART ASSOC;5200.0
Fonctionnement;10235;CENTRE CULTUREL ESPERANTO ASSOC;550.0
Fonctionnement;19077;ARTISTES OCCITANS ASSOC;500.0
Fonctionnement;10747;FAUTE O GRAFF;6000.0
Fonctionnement;24367;UNION DES JEUNES SPORTIFS ASSOC;31300.0
Fonctionnement;48920;EQUIPE SAINT VINCENT;2000.0
Fonctionnement;19;AAT ADDICTIONS ACCUEIL THERAPEUTIQUE ASSOC;6300.0
Fonctionnement;61934;AUTISME 31 ASSOC;2350.0
Fonctionnement;48271;OULUPO ASSOC;5000.0
Fonctionnement;36948;ADEPAPE ENTRAIDE PUPILLES DE L ETAT ASSOC;2700.0
Fonctionnement;10363;ETOILE SPORTIVE DE CASSELARDIT;4350.0
Fonctionnement;13203;COLLECTIF HDFS;2000.0
Fonctionnement;24936;TA ASSOC;9900.0
Fonctionnement;22684;LES ARTS ST CYPRIEN ASSOC;1400.0
Fonctionnement;21354;COMITE SOS RACISME TOULOUSE;3000.0
Fonctionnement;74443;AIDE AUX AIDANTS DES MALADES D ALZHEIMER TOULOUSE LIMAYRAC;500.0
Fonctionnement;23436;SEQUENCE ASSOC;2500.0
Fonctionnement;12569;LES GOURMETS DE LETTRES ASSOC;3000.0
Fonctionnement;13694;IHEDN  INSTITUT DE HAUTES ETUDES DEFENSE NATIONALE ASSOC;500.0
Fonctionnement;2127;DEVELOPPEMENT PSYCHOLOGIQUE EN ASIE DU SUD EST ADEPASE;5000.0
Fonctionnement;4720;VIA BRACHY ASSOC;12000.0
Fonctionnement;42235;COLLEGE CLAUDE NOUGARO;2930.0
Fonctionnement;30005;LES 198 OS ASSOC;17250.0
Fonctionnement;6742;RENCONTRES CINEMA AMERIQUE LATINE ASSOC;57237.0
Fonctionnement;18595;MUTUALITE FRANCAISE HAUTE GARONNE;812085.28
Fonctionnement;12745;CRECHE GRIBOUILLE;188495.0
Fonctionnement;20054;PENA ANDALOUZA ALMA FLAMENCA ASSOC;20700.0
Fonctionnement;46540;A TOUT PETIT PAS ASSOC;225785.14
Fonctionnement;40556;7 ANIMES ASSOC;250863.53
Investissement;20885;POUR LA MAISON CULTURE PRE CATELAN ASSOC;230000.0
Fonctionnement;10834;FEPEB FOYER EDUC POPULAIRE ETIENNE BILLIERES;29800.0
Fonctionnement;24374;SPORTS ET LOISIRS ASSOC;109521.0
Fonctionnement;257;CITES DU SECOURS CATHOLIQUE EX ASSO CITE LA MADELAINE ASSOC;283111.0
Fonctionnement;19414;OSSSQUART ASSOC;1100.0
Fonctionnement;46148;AMICALE D ANCELY ASSOC;770.0
Fonctionnement;13888;AIDE INSERTION ET REINTEGRATION ASSOC;1700.0
Fonctionnement;51516;ARCHIPEL ASSOC;2000.0
Fonctionnement;25003;TEFC TOULOUSE EMPALOT FOOT CLUB ASSOC;14360.0
Fonctionnement;16669;AVENIR NOUVELLE MAISON DES CHOMEURS ASSOC;28000.0
Fonctionnement;24842;TANGUEANDO ASSOC;2000.0
Fonctionnement;25930;UNIS CITE ASSOC;32500.0
Fonctionnement;26383;AIDE A LA VIEILLESSE ASSOC;1500.0
Fonctionnement;56218;SENS DESSUS DESSOUS ASSOC;900.0
Fonctionnement;74795;50 CINQ ASSOCIATION;5000.0
Fonctionnement;40541;L USINE ASSOC;18500.0
Fonctionnement;3198;BEACH VOLLEY TOULOUSAIN ASSOC;700.0
Fonctionnement;11431;COMITE FRANCE AMERIQUE LATINE TOULOUSE;1500.0
Fonctionnement;7739;CREMATISTE DE HTE GARONNE ASSOC;300.0
Fonctionnement;36707;SYNDICAT SUD CUTM;1165.39
Fonctionnement;17939;COMPAGNIE DERNIERE MINUTE;50000.0
Fonctionnement;19087;CENTRE OCCITAN MUSIQUES DANSES TRADITIONNELLES TOULOUSE ASSOC;220000.0
Fonctionnement;8449;LES PETITS DEGOURDIS ASSOC;253888.0
Fonctionnement;18959;NORD LOISIRS ASSOC;155686.23
Fonctionnement;14008;CRECHE CLEMENCE ISAURE;221033.28
Fonctionnement;13398;LIGUE DROITS DE L HOMME ASSOC;5000.0
Fonctionnement;167;ACCEPPT ASSOC;9000.0
Fonctionnement;23163;PLANETE SCIENCES ASSOC;13000.0
Fonctionnement;2496;AVAC  VIVRE AUTREMENT SES CONFLITS ASSOC;5000.0
Fonctionnement;51026;LES BOBINES SAUVAGES ASSOC;6150.0
Fonctionnement;678;ESPACE AIKIDO ASSOC;2750.0
Fonctionnement;44032;RESEAU COM ASSOC;2000.0
Fonctionnement;2514;AVENIR ETIENNE BILLIERES ASSOC;5220.0
Fonctionnement;9274;MAISON DES DROITS DE L ENFANT ASSOC;8000.0
Fonctionnement;16418;GESTION INNOVANTE DE LUDOTHEQUE ASSOC;178020.0
Fonctionnement;67220;SOCIETE PROTECTRICE DES ANIMAUX ATPA ASSOC;58100.0
Fonctionnement;10661;TOULOUSE FAOURETTE SPORTS ASSOC;4350.0
Investissement;24791;FONCIA MIDI PYRENEES SARL;7317.29
Fonctionnement;46535;ECLATS;6000.0
Fonctionnement;46210;CLUB SAINT MICHEL;800.0
Fonctionnement;45775;CLUB ANIMATION ET ENTRAIDE 3IEME DES MINIMES;1200.0
Fonctionnement;10030;ENSEMBLE VOCAL A BOUT DE SOUFFLE;4000.0
Fonctionnement;78051;PARTAGER L ANIMATION REVER L EDUCATION PAR JEU ASSOC;368220.22
Fonctionnement;20617;TOULOUSE POLARS DU SUD ASSOC;36000.0
Fonctionnement;68592;LA LOCOMOTIVE ASSOC;4490.0
Fonctionnement;45423;YAROSLAVNA ASSOC;1500.0
Fonctionnement;65782;TI KAZ AMI ASSOC;900.0
Fonctionnement;54375;CIRQUE DE FEMMES EN TOUT GENRE ASSOC;4500.0
Fonctionnement;33041;CJD TOULOUSE ASSOC;5000.0
Fonctionnement;6208;SYNDICAT INTERCO CFDT MAIRIE TOULOUSE METROPOLE;998.55
Fonctionnement;36736;REGIE AGRICOLE VILLE DE TOULOUSE;252000.0
Fonctionnement;14156;LES PETITS JARDINIERS ASSOC;57200.0
Fonctionnement;30978;SAMBA RESILLE;38500.0
Fonctionnement;53030;DOJOTONIC;600.0
Fonctionnement;10362;ETOILE SPORTIVE ST SIMON;28340.0
Fonctionnement;1682;ARC EN CIEL ASSOC;61702.0
Fonctionnement;47349;ARTISTES DU MONDE ARABE ASSOC;17000.0
Fonctionnement;11122;FLIM;4000.0
Fonctionnement;155;UNION ACADEMIES   STES SAVANTES ASSOC;6500.0
Fonctionnement;14274;ACADEMIE DES JEUX FLORAUX ASSOC;4500.0
Fonctionnement;46202;FOYER AMITIE ET ESPERANCE QUARTIER TROIS COCUS LES IZARDS;800.0
Fonctionnement;26178;EMPALOT VELO CLUB;1740.0
Fonctionnement;25214;LES THERESES ASSOC;4000.0
Fonctionnement;23193;SCOUTS MUSULMANS DE FRANCE ASSOC;9000.0
Fonctionnement;23441;COMPAGNIE JEAN SERAPHIN;4500.0
Fonctionnement;2208;SOC ASTRONOMIE POPULAIRE ASSOC;4500.0
Fonctionnement;46139;BOULES RAPHAEL PARC ASSOC;2500.0
Fonctionnement;78037;COMPAGNONS BATISSEURS ASSOC;5000.0
Fonctionnement;13887;GIHP GROUPE INSERTION PERSONNES HANDICAPES PHYSIQUES ASSOC;2200.0
Fonctionnement;1286;LES ANACHRONIQUES ASSOC;3000.0
Fonctionnement;56252;LES AMIS DE LA HALTE SANTE ASSOC;990.0
Fonctionnement;72674;ASSO GENERALE DES INTERVENANTS RETRAITES ACTIONS BENEVOLES COOP ET DEV;6170.0
Fonctionnement;31428;CORPS ET ARTS;2200.0
Fonctionnement;6207;UNION DEP CFDT  HAUTE GARONNE ASSOC;300.0
Fonctionnement;25097;COMITE DE LA TERRASSE ASSOC;37000.0
Fonctionnement;14173;CRECHE JARDIN D ENFANTS TOULOUSAINS;144144.0
Fonctionnement;15127;LIGUE DE L ENSEIGNEMENT 31 ASSOC;24000.0
Fonctionnement;2481;NOS AUTRES ASSOC;27000.0
Fonctionnement;3026;STADE TOULOUSAIN BASEBALL ASSOC;17400.0
Fonctionnement;16332;LOU PITCHOUN ASSOC;69680.0
Fonctionnement;26358;MAISON ENFANCE VICTOR HUGO ASSOC;189770.0
Fonctionnement;4479;CRECHE BOULE DE GOMME;91520.0
Fonctionnement;533;AGART AMICALE GUYANAIS ANTILLAIS TOULOUSE ASSOC;5000.0
Fonctionnement;22249;BOWLING CLUB SPORTIF ROGUET ASSOC;600.0
Fonctionnement;4035;CLUB 3E AGE LES BLEUETS BONNEFOY;550.0
Fonctionnement;20864;COLLECTIF DES ASS DES PRADETTES;13700.0
Fonctionnement;13209;HEBRAICA ASSOC;9000.0
Fonctionnement;16159;LE LOCAL ASSOC;3600.0
Fonctionnement;7588;COUPLE ET FAMILLE DE TOULOUSE;6000.0
Fonctionnement;37941;ARPADE CPVA ASSOC;100030.0
Fonctionnement;2107;ASEAT SPORTIVE CTRE ESSAIS AERONAUTIQUE ASSOC;4350.0
Fonctionnement;19697;JUVENTUS DE PAPUS ASSOC;13050.0
Fonctionnement;2725;COLLECTIF HABITANTS DE BAGATELLE STOP LA VIOLENCE;6200.0
Fonctionnement;19715;PARALYSES DE FRANCE DELEGATION HAUTE GARONNE ASSOC;3500.0
Investissement;54621;A CHACUN SES LOISIRS ASSOC;10000.0
Fonctionnement;75624;AJREF JEUNES REPU CONTRE L ENDOC ET POUR LA FRATERNITE ASSOC;3000.0
Fonctionnement;80806;RECTO VERSO ASSOC;3400.0
Fonctionnement;7752;CREPT CENTRE REGIONAL ETUDES ET PROMOTION DU TRAVAIL;8400.0
Fonctionnement;21938;COLLEGE RAYMOND BADIOU;10830.0
Investissement;19288;HABITAT TOULOUSE OFFICE PUBLIC DE L HABITAT;1583912.92
Fonctionnement;3032;TOULOUSE BASKET CLUB ASSOC;62000.0
Fonctionnement;2863;COMPAGNIE LA BARAQUE;23901.0
Fonctionnement;58860;LES PETITS VIOLLET ASSOC;102746.5
Fonctionnement;28665;TOULOUSE UNIVERSITE CLUB ASSOC;14450.0
Fonctionnement;47883;CLUB LOISIRS ET DETENTE GRAND SELVE;700.0
Fonctionnement;3351;CERCLE BELLEGARDE ASSOC;680.0
Fonctionnement;43061;ANACR ASS NATIONALE ANCIENS COMBATTANTS DE LA RESISTANCE ASSOC;335.0
Fonctionnement;71091;C2RCH CENTRE RESSOURCES REGIONAL CULTURE ET HANDICAP ASSOC;1500.0
Fonctionnement;14440;FONDS SOCIAL JUIF UNIFIE ASSOC;9000.0
Fonctionnement;19759;PAR HAZ ART ASSOC;9000.0
Fonctionnement;17428;MEDECINS DU MONDE MIDI PYRENEES ASSOC;18900.0
Fonctionnement;56624;INPACTS ASSOC;3600.0
Fonctionnement;21438;RANDO PLAISIRS ASSOC;500.0
Fonctionnement;7178;COMME UNE COMPAGNIE ASSOC;3000.0
Fonctionnement;8772;DESBALS SERVICES REGIE DE QUARTIER;15000.0
Fonctionnement;700;CLUB AINES DE LARDENNE;1100.0
Fonctionnement;25397;TOAC  TENNIS DE TABLE ASSOC;5300.0
Fonctionnement;351;ADENS ASSOC;7750.0
Fonctionnement;26614;CENTRE TOULOUSAIN DU VOLONTARIAT ASSOC;700.0
Fonctionnement;28154;VICTORIA REGIA ASSOC;29500.0
Fonctionnement;25191;THEATRE GARONNE ASSOC;800000.0
Fonctionnement;24946;TCHIN TCHINE ASSOC;43600.0
Fonctionnement;25872;UFCV MIDI PYRENEES ASSOC;100343.36
Fonctionnement;20229;CRECHE PARENTALE LES PETITES CANAILLES;77272.0
Fonctionnement;20566;CRECHE PARENTALE PLUME D ANGE ASSOC;231847.04
Fonctionnement;60710;NOUVELLE REGIE NORD SARL;63220.0
Fonctionnement;6342;CHANTIERS NOMADES;36000.0
Fonctionnement;8422;POUR LA DEFENSE DES FAMILLES ET DE L INDIVIDU ADFI ASSOC;1500.0
Fonctionnement;44212;CIE LA MAISON;6000.0
Fonctionnement;42785;ENFANCE TOUTE CULTURE;70491.68
Fonctionnement;10941;FESTIVAL LIVRE JEUNESSE MIDI PYRENEES;10692.0
Fonctionnement;65650;LA ROULOTTE SOLIDAIRE ASSOC;6600.0
Fonctionnement;7327;CONSERVATOIRE ESPACES NATURELS MIDI PYRENEES ASSOC;12000.0
Fonctionnement;44357;UNIVERS MONTAGNE ESPRIT NATURE ASSOC;1750.0
Fonctionnement;5400;CAP CENTRE ASSOC;5000.0
Fonctionnement;21893;LES RESTOS BEBE ASSOC;3000.0
Fonctionnement;51400;CENTRE REGIONAL D EDUCATION ET DE SERVICES POUR L AUTISME ASSOC;3600.0
Fonctionnement;46980;TOUTES VOILES DEHORS ASSOC;1000.0
Investissement;53846;SCI DU 24 RUE NAZARETH M UCAY PIERRE;14702.6
Fonctionnement;49668;QUERIDA COMPAGNIE ASSOC;2000.0
Fonctionnement;11537;FREDDY MOREZON PROD;12300.0
Fonctionnement;45770;CLUB DETENTE EVASION LAFOURGUETTE;800.0
Fonctionnement;13297;AS HERSOISE ASSOC;21250.0
Fonctionnement;47007;A COTE ASSOC;9000.0
Fonctionnement;10171;ESCAPADE;2400.0
Fonctionnement;74890;INGENIEURS SANS FRONTIERES ASSOC;500.0
Fonctionnement;18198;ORCHESTRE BAROQUE DE MONTAUBAN ASSOC;4500.0
Fonctionnement;24774;TOULOUSE ATHLETIC CLUB TIR A L ARC ASSOC;700.0
Fonctionnement;25956;UP RADIO ASSOC;3540.0
Fonctionnement;26393;ETUDIANTS VIETNAMIENS A TOULOUSE ASSOC;3000.0
Fonctionnement;21081;ENTRAIDE PROTESTANTE ASSOC;5000.0
Fonctionnement;80917;UN OEIL SUR MA VILLE ASSOC;2200.0
Fonctionnement;22862;COLLEGE GEORGE SAND;8295.0
Fonctionnement;14065;COMPAGNIE HEDDY MAALEM;54000.0
Fonctionnement;25190;THEATRE NATIONAL TOULOUSE MIDI-PYRENEES SAS;2604441.0
Fonctionnement;62213;LIBRES MARIANNES MIDI PYRENEES ASSOC;500.0
Fonctionnement;11896;LA GARONNE EXPOSE ASSOC;1500.0
Fonctionnement;44217;SOCIETE DES ARTISTES MERIDIONAUX ASSOC;1000.0
Investissement;19541;SOLIHA HAUTE GARONNE;383333.1
Fonctionnement;56760;LES MAMANS DES VERGERS ASSOC;4500.0
Fonctionnement;15882;LES CURIOSITES ASSOC;10000.0
Fonctionnement;5174;FEDERATION DES CALANDRETAS;3600.0
Fonctionnement;19260;ON OFF MANIFESTO ASSOC;22500.0
Fonctionnement;65831;POLARS SUR GARONNE ASSOC;2500.0
Fonctionnement;24821;TALENTS D OC ASSOC;1500.0
Fonctionnement;25547;TOULOUSE LALANDE AUCAMVILLE XV TLA XV ASSOC;7000.0
Fonctionnement;44020;TRAUMA COMPAGNIE ASSOC;1500.0
Fonctionnement;4609;LE BOUSTROPHEDON ASSOC;5000.0
Fonctionnement;55701;ENSEMBLE VOCAL A CONTRETEMPS;700.0
Fonctionnement;6962;CMAV;21500.0
Fonctionnement;15144;COLLEGE ROSA PARKS EX COLLEGE LALANDE;20575.0
Fonctionnement;20580;CAVE POESIE DE TOULOUSE ASSOC;90000.0
Fonctionnement;18001;MJC DES PONTS JUMEAUX ASSOC;54200.0
Fonctionnement;72148;STADE TOULOUSAIN RUGBY FEMININ;20000.0
Fonctionnement;16435;CRECHE PARENTALE DANS LA LUNE;73216.0
Fonctionnement;37907;GRISELIDIS ASSOC;38500.0
Fonctionnement;46168;FOYER 3IEME AGE BAGATELLE;500.0
Fonctionnement;45292;UNION DEP CONSOMMATION LOGEMENT ET CADRE DE VIE CLCV31 ASSOC;6100.0
Fonctionnement;1590;APSEM ASSOC SOCIO EDUCATIVE DES MIGRANTS ASSOC;11500.0
Fonctionnement;21887;CENTRE DE RESSOURCES SUR LA NON VIOLENCE ASSOC;3000.0
Fonctionnement;10829;COMITE FETES DU GRAND FENETRA;25300.0
Fonctionnement;54797;LES PETITS POIS ASSOC;800.0
Fonctionnement;7286;CONFED NAT LOGEMENT FED 31;5400.0
Fonctionnement;19931;LES PETITS FRERES DES PAUVRES ASSOC;10000.0
Fonctionnement;11869;GARE AUX ARTISTES ASSOC;13500.0
Fonctionnement;4514;EVENEMENTS VOCAUX ALIX BOURBON;3000.0
Fonctionnement;21425;RAMIP RENCONTRES ASTRONOMIQUE ASSOC;10000.0
Fonctionnement;22219;RODEO FOOTBALL CLUB;85000.0
Fonctionnement;1216;AMIS  DU STADE TOULOUSAIN ASSOC;300000.0
Fonctionnement;2546;AVIRON TOULOUSAIN ASSOC;34000.0
Fonctionnement;55254;PLUMES D ELLES ASSOC;2900.0
Fonctionnement;75062;4 AILES POUR GRANDIR ASSOC;300.0
Fonctionnement;39069;SYNETHIC ASSOC;8000.0
Fonctionnement;6307;CHAMBRE DES METIERS  HTE GARONNE;1203.0
Fonctionnement;18003;MJC  EMPALOT ASSOC;111500.0
Investissement;158;ACAD ASSOC;111000.0
Fonctionnement;25509;TOULOUSE XIII ASSOC;69600.0
Fonctionnement;1679;DEVELOP ENFANT ADO LES ARC EN CIEL ASSOC;77658.5
Investissement;72653;CABINET EMI;13920.83
Investissement;16200;LOHENGRIN ASSOC;2250.0
Fonctionnement;15411;LATO SENSU MUSEUM ASSOC;3000.0
Fonctionnement;23161;ACADEMIE DES SCIENCES ET LETTRES ASSOC;6300.0
Fonctionnement;6637;CHORALE POPULAIRE DE TOULOUSE;900.0
Fonctionnement;20226;PETIT BOIS COMPAGNIE ASSOC;14300.0
Investissement;60786;CIV CONSEIL;2826.97
Fonctionnement;7482;CORRIDA PEDESTRE DE TOULOUSE ASSOC;5000.0
Fonctionnement;25691;TRAVERSE VIDEO ASSOC;10000.0
Fonctionnement;6171;INSTITUTO CERVANTES;13500.0
Fonctionnement;25773;TROMBONE ASSOC;9000.0
Fonctionnement;14009;CLEMENCE ISAURE;3600.0
Fonctionnement;9633;L ECLUSE ASSOC;2500.0
Fonctionnement;75526;TRISOMIE 21 HAUTE GARONNE ASSOC;100.0
Fonctionnement;14724;KLASSMUTE;6300.0
Fonctionnement;10227;CENTRE TOULOUSAIN DOC ESPAGNOL ASSOC;2600.0
Fonctionnement;7813;CROSI MIDI PYRENEES ASSOC;7000.0
Fonctionnement;46922;ACADEMIE DU LANGUEDOC ASSOC;1000.0
Fonctionnement;46933;ATELIER REG PRATIQUE MUSICALE AMATEURS ASSOC;6300.0
Investissement;81022;ENTREPRISE BELINGUIER ELECTRICITE SARL;3000.0
Fonctionnement;7138;CEC HTE GAR  CONFLITS VICTIMES GUERRE ET ANCIENS COMBATTANTS ASSOC;515.0
Fonctionnement;5991;COLL CONTRE NUISANCES AERIENNES TOULOUSE ASSOC;900.0
Fonctionnement;81244;SOLIDARITES NOUVELLES FACE AU CHOMAGE ASSOC;2800.0
Fonctionnement;9289;DRUMS SUMMIT;4000.0
Fonctionnement;19085;CONVERGENCIA OCCITANA;78250.0
Fonctionnement;15564;L DANSE ASSOC;17050.0
Fonctionnement;5175;CALANDRETA DE GARONETA ASSOC;76146.0
Fonctionnement;15325;ANIMATION SOCIALE ET SOLIDAIRE DES QUARTIERS OUEST TOULOUSE ASSOC;414103.36
Fonctionnement;570;AGIT GROUPE INTERVENTIONS THEATRALES ASSOC;46000.0
Fonctionnement;22403;ROULEZ ROSE ASSOC;1305.0
Fonctionnement;3837;BIDIBULLES ASSOC;314264.0
Fonctionnement;10031;ENSEMBLE A TOUT AGE;450.0
Fonctionnement;21628;REGARTS ASSOC;27000.0
Fonctionnement;10001;ENFANT BLEU ENFANCE MALTRAITEE ASSOC;3000.0
Fonctionnement;407;ADPAM AIDE A DOMICILE AUX PERSONNES AGEES ET MALADES ASSOC;54000.0
Fonctionnement;43198;LES FILS DES TUES DE LA HAUTE GARONNE ASSOC;315.0
Fonctionnement;7347;CONTACT HG;5000.0
Fonctionnement;19850;THEATRE  PASSERELLE ASSOC;2500.0
Fonctionnement;5593;CARREFOUR CULTUREL ARNAUD BERNARD ASSOC;29700.0
Fonctionnement;3208;CIE BEAUDRAIN DE PAROI;18000.0
Fonctionnement;16840;MAPCU MOUVEMENT ASSOC POUR LES CULTURES URBAINES ASSOC;45000.0
Fonctionnement;19699;COMITE DE QUARTIER PAPUS TABAR BORDELONGUE;1200.0
Fonctionnement;10237;L ESPERLUETTE ASSOC;4000.0
Fonctionnement;12667;LE MOUVEMENT GRAPHIQUE ASSOC;900.0
Fonctionnement;24778;TOULOUSE ATHLETIC CLUB PELOTE ASSOC;2610.0
Fonctionnement;1800;ARIANA ASSOC;4500.0
Fonctionnement;60725;POUR LA SAUVEGARDE DU QUARTIER BRIENNE BAZACLE AMIDONNIERS ASSOC;1000.0
Fonctionnement;51591;TV SOL ASSOC;5000.0
Fonctionnement;19532;PACE  PHOTOGRAPHIE  CHATEAU EAU ASSOC;538000.0
Fonctionnement;1571;APOIRC ASSOC;45000.0
Fonctionnement;25072;TENDRES GALIPETTES ASSOC;109824.0
Fonctionnement;21983;LA RIBAMBELLE ASSOC;89650.0
Fonctionnement;54512;MON QUARTIER GRANDE BRETAGNE ASSOC;625.0
Fonctionnement;6143;CERCLE LAIQUE JEAN CHAUBET ASSOC;60900.0
Fonctionnement;8921;DIAPASON;24600.0
Fonctionnement;26906;LES ZAZOUS DU BIJOU ASSOC;22300.0
Fonctionnement;9609;LA COURTE ECHELLE ASSOC;92709.28
Fonctionnement;55955;CONSEIL PERMANENT REGIONAL DES ASSOC D ENVIRONNEMENT - COPRAE;1000.0
Fonctionnement;18031;MOBILITE E S ASSOC;36000.0
Fonctionnement;13672;INSTITUT D ETUDES OCCITANES SD 31 ASSOC;76500.0
Fonctionnement;16219;CITE LOISIRS ASSOC;259413.89
Fonctionnement;6835;CRECHE CLAIR DE LUNE ASSOC;251020.0
Fonctionnement;20894;CRECHE PRELUDE ASSOC;114400.0
Fonctionnement;69658;AUTEUIL PETITE ENFANCE ASSOC;92231.36
Fonctionnement;40278;BGE SUD OUEST ASSOC;37000.0
Fonctionnement;12114;GENERATIONS REUNIES ASSOC;2700.0
Fonctionnement;26609;VOLANT CLUB TOULOUSAIN ASSOC;6100.0
Fonctionnement;11893;GARONNE MULTI SERVICES ASSOC;10500.0
Fonctionnement;20315;PHILEMON ASSOC;1350.0
Investissement;19893;PATRIMOINE LANGUEDOCIENNE HLM SA;302137.32
Fonctionnement;17529;CHORALE MELODY;320.0
Fonctionnement;18347;AUTRES MOTS ASSOC;2700.0
Fonctionnement;44109;10KMS DE POUVOURVILLE ASSOC;870.0
Fonctionnement;2194;SPORTIVE TOULOUSE MIRAIL FOOTBALL ASSOC;32500.0
Fonctionnement;52208;LES PASSEURS D IMAGES ASSOC;22500.0
Fonctionnement;3339;BELL ARC EN CIEL ASSOC;9000.0
Fonctionnement;20865;TOULOUSE PRADETTES JUDO SAMBO ASSOC;4600.0
Fonctionnement;9998;LES ENFANTS DU PARADIS CIE PARADIS EPROUVETTE ASSOC;4000.0
Fonctionnement;7789;CRL CENTRE REGIONAL DES LETTRES ASSOC;22500.0
Investissement;3832;ALTERN MOBIL SCIC;3000.0
Fonctionnement;60562;COMPAGNIE  DE TREATRE A PROPOS;4000.0
Investissement;11010;THEATRE LE FIL A PLOMB ASSOC;15000.0
Fonctionnement;68304;AU CIRQUE;5000.0
Fonctionnement;78103;ENSSEMBLE ORG ASSOC;8000.0
Fonctionnement;25868;SYNDICAT UECT UNSA UNION EMPLOYE;2386.95
Fonctionnement;20920;UNIVERSITE FEDERALE TOULOUSE MIDI-PYRENEES;39100.0
Fonctionnement;8165;CTRE D ART CHOREGRAPHIQUE POUR LE DEV DES DANSES URBAINES ASSOC;84244.0
Fonctionnement;1505;NAT DES VISITEURS DE PRISON SECTION LOCALE MURET SEYSSES ASSOC;500.0
Fonctionnement;5125;CTRE D ACCUEIL D ENFANTS DE TOULOUSE ASSOC;149889.5
Fonctionnement;1314;FOYER ANCIENS CHATEAU DE L HERS;800.0
Fonctionnement;53960;AGITEE ASSOC;800.0
Fonctionnement;17951;MIRAIL BASKET CLUB ASSOC;4300.0
Fonctionnement;5316;RADIO CAMPUS TOULOUSE MIDI PYRENEES ASSOC;10102.0
Fonctionnement;55456;SALAMANDRE ASSOC;40000.0
Fonctionnement;292;ACTS ACTIONS CULTURELLES POUR TOUS EN SIGNES ASSOC;6000.0
Fonctionnement;49030;SPORTIVE MURET TOULOUSE HANDISPORT ASSOC;10100.0
Fonctionnement;14050;ITEM ASSOC;1400.0
Fonctionnement;49384;LES AMIS DE L ORGUE DU TEMPLE DU SALIN ASSOC;965.62
Fonctionnement;56575;TOPOPHONE ASSOC;5100.0
Investissement;25419;SOURDS DE TOLOSA ASSOC;5000.0
Fonctionnement;74312;RENCONT ROMS NOUS ASSOC;1000.0
Investissement;24936;TA ASSOC;1000.0
Fonctionnement;449;AERA ACTIONS ETUDES RECHERCHES AUTOUR DE L ARCHITECTURE ASSOC;24750.0
Fonctionnement;6570;CONVIVENCIA ASSOC;24000.0
Fonctionnement;34978;LIEU RESSOURCE FORMATION ASSOC;25000.0
Fonctionnement;24835;LE TAMBOUR ASSOC;10700.0
Fonctionnement;20749;LA PORTE OUVERTE DE TOULOUSE ASSOC;3200.0
Fonctionnement;50397;CHORALE DES AINES LA JOIE DE VIVRE;320.0
Fonctionnement;10371;ET QUI LIBRE MARIONNETTISSIMO;10400.0
Fonctionnement;3953;OUI BIZARRE ASSOC;13260.0
Fonctionnement;9032;DIRE;11070.0
Fonctionnement;7399;COQUELICOT TOULOUSE GYM;34000.0
Fonctionnement;22523;TOULOUSE A C LAFOURGUETTE XV ASSOC;9600.0
Fonctionnement;51900;ITINERANCE ORALE ASSOC;4000.0
Fonctionnement;14234;JEAN CALAS L EUROPE NOUS REGARDE ASSOC;1000.0
Fonctionnement;19341;ORGETCOM ASSOC;3500.0
Fonctionnement;7904;LA CUISINE ASSOC;5700.0
Fonctionnement;26674;CERCLE RICHARD WAGNER ASSOC;1000.0
Fonctionnement;39095;CONSISTORI DEL GAI SABER ASSOC;4000.0
Investissement;69684;ANADINE  SAS;3000.0
Fonctionnement;25863;UDAF 31 ASSOC;5000.0
Fonctionnement;9783;EHEO ENFANT HANDICAPE ESPOIR OSTEOPATHIQUE ASSOC;800.0
Fonctionnement;19321;ORCHIDEE DANSE ET MUSIQUE VIVANTES ASSOC;7200.0
Fonctionnement;5173;CALANDRETA TOLZANA COSTA PAVADA ASSOC;113298.49
Fonctionnement;24400;STADE TOULOUSAIN SECTION RUGBY ASSOC;554000.0
Fonctionnement;47412;HABITAT JEUNES O TOULOUSE  ASSOC;18500.0
Fonctionnement;24061;FRANCE SOLIDARITE ASSOC;7000.0
Fonctionnement;17732;MFPF MOUVEMENT FRANCAIS PLANNING FAMILIAL HAUTE-GARONNE ASSOC;11000.0
Fonctionnement;49456;TOULOUSE FUTSAL CLUB ASSOC;2000.0
Fonctionnement;24064;SOLIDARITE JEUNESSE INTERNATIONALE ASSOC;4200.0
Fonctionnement;25506;TOULIBRE ASSOC;4000.0
Investissement;23309;SEGITO;5706.53
Fonctionnement;19803;UN ENFANT DES PARRAINS ASSOC;1000.0
Fonctionnement;1221;LES AMIS DE MONSIEUR ASSOC;7200.0
Fonctionnement;25566;SEM DEVELOPPEMENT TOURISME REGIONAL - SO TOULOUSE;700000.0
Fonctionnement;7918;CULTURES DU COEUR;10000.0
Fonctionnement;22439;ROUTE NOUVELLE ASSOC;4000.0
Investissement;37257;OPPIDEA SEM;75000.0
Fonctionnement;51846;FOYER JEUNES TRAVAILLEUSES ESPERANCE ASSOC;4900.0
Fonctionnement;9671;THEATRE  L ECOUTILLE ASSOC;1000.0
Fonctionnement;8720;LYCEE DEODAT DE SEVERAC;20000.0
Fonctionnement;6719;LE NID DES CIGOGNEAUX ASSOC;164736.0
Fonctionnement;19876;LES PETITS PAS ASSOC;89359.73
Fonctionnement;18008;MJC PREVERT ASSOC;169414.0
Fonctionnement;12614;PRINTEMPS DU RIRE ASSOC;57600.0
Fonctionnement;45740;SPORTIVE TOULOUSE INTER GENERATION ASTIG ASSOC;750.0
Fonctionnement;9757;EGALITERE;10000.0
Fonctionnement;24455;SAINT CYPR QUARTIER LIBRE ASSOC;900.0
Fonctionnement;54470;COMITE DES FETES DE TOULOUSE SAINT SIMON;1200.0
Fonctionnement;17810;MIDIFILM ASSOC;4500.0
Investissement;17089;MARTIN GESTION;9758.75
Fonctionnement;20067;SKI CLUB DE LA PENICHE ASSOC;1480.0
Fonctionnement;25777;TROPIK FOOTBALL CLUB ASSOC;1300.0
Fonctionnement;50833;MIXAH ASSOC;3000.0
Fonctionnement;17536;LA MEMOIRE DANS TOUS SES ETATS ASSOC;1500.0
Fonctionnement;40096;ADIE DROIT A L INITIATIVE ECONOMIQUE ASSOC;41000.0
Fonctionnement;3346;REGIE DE QUARTIER TOULOUSE BELLEFONTAINE ASSOC;31800.0
Fonctionnement;6;AAATV MIDI PYRENEES ASSOC;1000.0
Fonctionnement;24762;TABULA RASA ASSOC;22500.0
Fonctionnement;9646;ECOLE ET NOUS;23500.0
Fonctionnement;9789;ODRADEK ASSOC;2000.0
Fonctionnement;17540;LA MENAGERIE ASSOC;6390.0
Fonctionnement;16003;LIBERTE AUX JOUEUSES ASSOC;8500.0
Fonctionnement;58460;TOUR DE ROUTE ASSOC;3000.0
Investissement;441;ASS POUR LA MOBILISATION DES SAVOIRS ASSOC;53243.33
Fonctionnement;7664;PETIT COWBOY ASSOC;4800.0
Fonctionnement;67674;UNIVERSITE PAUL SABATIER TOULOUSE III;64600.0
